
===== block_0 =====
c,freq_fgconv_scalar,freq_fgconv_grad,gate_fgconv,gate_fgconv_grad,z_fgconv_energy,z_fgconv_grad_energy,pure_gated_fgconv_energy,pure_gated_fgconv_grad_energy,y_fgconv_energy,y_fgconv_grad_energy
0,0.047446,-0.001381,0.283577,-0.024952,0.639778,0.000054,0.181426,0.000147,0.237564,0.000147
1,0.068787,-0.003251,0.517135,0.017708,2.659620,0.000048,1.375383,0.000080,1.608753,0.000080
2,0.039838,0.001931,0.290085,0.001933,1.105004,0.000040,0.320546,0.000105,0.417505,0.000105
3,0.030783,0.002889,0.320549,-0.001777,0.360362,0.000049,0.115514,0.000119,0.147134,0.000119
4,0.009472,-0.004028,0.352491,0.003148,0.665713,0.000044,0.234658,0.000101,0.293071,0.000101
5,0.041548,0.003847,0.305890,0.005917,0.494783,0.000036,0.151349,0.000091,0.194764,0.000091
6,0.041193,0.002758,0.202597,-0.012701,0.664360,0.000028,0.134598,0.000096,0.192893,0.000096
7,0.067318,-0.002328,0.180854,-0.017521,0.475859,0.000065,0.086061,0.000243,0.127816,0.000243
8,0.044171,-0.007275,0.274218,0.011383,0.844936,0.000044,0.231697,0.000121,0.305836,0.000121
9,0.046217,0.001903,0.411518,-0.019074,0.662307,0.000039,0.272551,0.000078,0.330666,0.000078
10,0.060853,-0.003369,0.272298,0.002287,0.449186,0.000045,0.122313,0.000126,0.161727,0.000126
11,0.051182,-0.004901,0.245571,-0.009614,0.476847,0.000077,0.117100,0.000232,0.158941,0.000232
12,0.075622,0.004396,0.461755,-0.006614,1.477559,0.000037,0.682270,0.000067,0.811920,0.000067
13,0.034347,-0.002887,0.292304,0.001070,0.871832,0.000039,0.254840,0.000102,0.331340,0.000102
14,0.030241,0.004826,0.737550,-0.005288,2.925333,0.000037,2.157580,0.000045,2.414265,0.000045
15,0.055328,-0.004620,0.306140,0.012564,0.534563,0.000049,0.163651,0.000125,0.210557,0.000125
16,0.024174,-0.000468,0.195688,0.010905,0.440877,0.000059,0.086274,0.000209,0.124959,0.000209
17,0.025547,-0.002439,0.470604,0.002071,0.414708,0.000040,0.195163,0.000072,0.231552,0.000072
18,0.019019,-0.007082,0.206578,-0.027313,0.407978,0.000049,0.084279,0.000167,0.120078,0.000167
19,0.041484,-0.001047,0.325121,0.003781,0.406870,0.000049,0.132282,0.000119,0.167983,0.000119
20,0.046169,-0.003140,0.417382,-0.006493,0.285096,0.000037,0.118994,0.000073,0.144010,0.000073
21,0.018600,-0.004665,0.268243,0.007115,0.535733,0.000067,0.143707,0.000187,0.190715,0.000187
22,0.028061,0.002883,0.212610,-0.003834,0.448133,0.000060,0.095277,0.000200,0.134599,0.000200
23,0.043211,0.000822,0.197032,0.001811,0.460688,0.000049,0.090770,0.000170,0.131194,0.000170
24,0.020525,0.000974,0.500441,-0.012475,2.197679,0.000028,1.099809,0.000047,1.292646,0.000047
25,0.013472,-0.001718,0.321080,0.011733,0.804739,0.000041,0.258386,0.000101,0.328998,0.000101
26,0.021684,-0.000040,0.505565,-0.001173,1.788411,0.000024,0.904158,0.000040,1.061083,0.000040
27,0.017558,0.003088,0.448556,-0.001884,0.669235,0.000019,0.300189,0.000035,0.358912,0.000035
28,0.051276,-0.001853,0.232874,0.011590,0.469057,0.000030,0.109231,0.000094,0.150389,0.000094
29,0.060785,0.003096,0.322884,-0.000201,0.667345,0.000056,0.215475,0.000136,0.274032,0.000136
30,0.032866,-0.001147,0.260288,-0.015819,0.441150,0.000079,0.114826,0.000228,0.153535,0.000228
31,0.037983,0.003539,0.414296,-0.000064,1.267033,0.000026,0.524927,0.000051,0.636103,0.000051
32,0.043033,0.005680,0.239306,0.006306,0.621364,0.000037,0.148696,0.000112,0.203218,0.000112
33,0.075261,0.004326,0.324497,0.002403,0.671491,0.000056,0.217897,0.000136,0.276817,0.000136
34,0.056640,0.000471,0.437687,0.001046,1.767213,0.000031,0.773485,0.000059,0.928551,0.000059
35,0.090642,-0.000486,0.448958,0.005504,0.839760,0.000032,0.377017,0.000060,0.450702,0.000060
36,0.063037,0.006241,0.230635,-0.007523,0.501000,0.000026,0.115548,0.000081,0.159509,0.000081
37,0.002183,-0.000237,0.221305,-0.006116,0.417339,0.000042,0.092359,0.000136,0.128979,0.000136
38,0.066667,0.004865,0.288317,-0.011321,0.461063,0.000080,0.132932,0.000214,0.173389,0.000214
39,0.031423,0.006705,0.542906,0.018730,2.040309,0.000042,1.107697,0.000067,1.286725,0.000067
40,0.015133,0.002473,0.569603,-0.010962,2.801432,0.000065,1.595704,0.000098,1.841518,0.000098
41,0.024047,0.003189,0.382321,0.007449,0.994516,0.000050,0.380225,0.000107,0.467489,0.000107
42,0.051061,0.002706,0.732992,0.000633,2.242477,0.000026,1.643718,0.000032,1.840486,0.000032
43,0.035273,0.001164,0.318520,-0.000667,0.404197,0.000041,0.128745,0.000102,0.164211,0.000102
44,0.083153,-0.001079,0.595578,-0.002932,2.253934,0.000039,1.342394,0.000058,1.540167,0.000058
45,0.036725,-0.000999,0.643820,0.000783,2.515781,0.000040,1.619711,0.000054,1.840460,0.000054
46,0.015854,-0.000679,0.211543,0.001810,0.332718,0.000061,0.070384,0.000204,0.099579,0.000204
47,0.060608,0.001310,0.379753,-0.001987,0.338547,0.000051,0.128564,0.000109,0.158270,0.000109
48,0.043814,-0.000524,0.393263,0.016405,1.427626,0.000046,0.561432,0.000095,0.686701,0.000095
49,0.010085,0.002032,0.194314,-0.007620,0.512741,0.000043,0.099633,0.000152,0.144624,0.000152
50,0.091004,-0.003576,0.673672,-0.001287,1.801818,0.000039,1.213834,0.000051,1.371936,0.000051
51,0.022215,0.001122,0.221210,0.012498,0.503486,0.000039,0.111376,0.000125,0.155555,0.000125
52,0.031158,0.001108,0.171127,-0.002286,0.726658,0.000032,0.124351,0.000122,0.188112,0.000122
53,0.033474,-0.003925,0.238171,0.002179,0.598933,0.000038,0.142649,0.000115,0.195202,0.000115
54,0.099697,0.002820,0.250826,0.007400,0.336620,0.000038,0.084433,0.000111,0.113970,0.000111
55,0.026401,0.001154,0.142466,-0.002077,0.470173,0.000048,0.066984,0.000209,0.108240,0.000209
56,0.020050,-0.002972,0.223158,0.019159,0.431491,0.000040,0.096291,0.000130,0.134152,0.000130
57,0.039971,-0.006049,0.572615,0.004871,2.667195,0.000025,1.527276,0.000038,1.761311,0.000038
58,0.035106,0.003792,0.284770,-0.023230,0.415484,0.000081,0.118318,0.000218,0.154774,0.000218
59,0.018987,0.002533,0.429849,0.003352,1.863692,0.000036,0.801107,0.000070,0.964638,0.000070
60,0.027601,0.004397,0.261143,-0.021081,0.800811,0.000042,0.209126,0.000120,0.279394,0.000120
61,0.062378,0.003756,0.287151,0.021149,0.349902,0.000061,0.100475,0.000163,0.131177,0.000163
62,0.034563,-0.004529,0.220059,-0.001390,0.563230,0.000053,0.123944,0.000171,0.173365,0.000171
63,0.036414,0.003518,0.146606,-0.017622,0.596318,0.000053,0.087424,0.000228,0.139748,0.000228
64,0.025312,0.000636,0.263087,-0.003537,1.408143,0.000039,0.370464,0.000111,0.494022,0.000111
65,0.025027,-0.001067,0.361737,0.001756,0.435393,0.000036,0.157498,0.000081,0.195702,0.000081
66,0.053740,0.000962,0.341985,-0.003894,0.576444,0.000033,0.197135,0.000076,0.247715,0.000076
67,0.028580,0.004331,0.213441,0.004144,0.460996,0.000032,0.098396,0.000108,0.138846,0.000108
68,0.022595,-0.002437,0.766802,0.000562,2.827010,0.000059,2.167756,0.000070,2.415814,0.000070
69,0.030605,0.005383,0.237606,0.002119,0.362342,0.000046,0.086095,0.000141,0.117889,0.000141
70,0.046378,-0.005735,0.291487,0.005187,1.055217,0.000039,0.307582,0.000103,0.400173,0.000103
71,0.030841,-0.000180,0.416692,-0.009076,0.790351,0.000035,0.329332,0.000070,0.398682,0.000070
72,0.026188,0.001811,0.300252,-0.002938,0.950549,0.000032,0.285404,0.000081,0.368811,0.000081
73,0.055374,0.002178,0.321355,-0.005729,0.659820,0.000042,0.212037,0.000104,0.269933,0.000104
74,0.038934,0.003062,0.327766,-0.000345,0.498591,0.000045,0.163421,0.000109,0.207170,0.000109
75,0.020374,-0.002005,0.461971,-0.001243,1.790176,0.000025,0.827010,0.000045,0.984090,0.000045
76,0.025005,0.003149,0.228869,-0.001093,0.420709,0.000018,0.096287,0.000056,0.133203,0.000056
77,0.015672,0.002672,0.418061,-0.005391,1.055353,0.000044,0.441202,0.000088,0.533805,0.000088
78,0.038224,0.000866,0.280335,0.027141,0.763152,0.000022,0.213938,0.000059,0.280902,0.000059
79,0.035528,-0.004326,0.171537,0.015658,0.523107,0.000028,0.089732,0.000107,0.135633,0.000107
80,0.060714,0.005050,0.265253,-0.007105,0.599941,0.000049,0.159136,0.000140,0.211779,0.000140
81,0.040222,-0.007018,0.169885,-0.030743,0.589378,0.000043,0.100127,0.000166,0.151842,0.000166
82,0.038461,-0.001628,0.264055,-0.003647,0.501441,0.000048,0.132408,0.000138,0.176407,0.000138
83,0.077551,0.003518,0.116006,0.015918,0.694157,0.000023,0.080526,0.000112,0.141436,0.000112
84,0.025966,-0.005599,0.273200,-0.004349,0.428021,0.000030,0.116935,0.000082,0.154492,0.000082
85,0.012215,0.002563,0.511303,-0.009904,1.694675,0.000046,0.866492,0.000077,1.015193,0.000077
86,0.015744,0.001479,0.445240,0.000687,1.522911,0.000037,0.678060,0.000069,0.811689,0.000069
87,0.032894,0.004456,0.340544,-0.004599,0.938556,0.000042,0.319620,0.000097,0.401974,0.000097
88,0.065571,0.003710,0.309193,-0.000209,0.754073,0.000037,0.233154,0.000092,0.299321,0.000092
89,0.254566,0.004112,0.351506,-0.045691,1.290281,0.000060,0.453542,0.000135,0.566759,0.000135
90,0.043891,-0.005704,0.317669,-0.002785,0.604881,0.000050,0.192152,0.000123,0.245228,0.000123
91,0.056997,0.000445,0.156987,0.007292,0.433196,0.000045,0.068006,0.000182,0.106017,0.000182
92,0.080543,0.003903,0.127536,0.027688,0.767758,0.000024,0.097917,0.000111,0.165284,0.000111
93,0.029356,0.000409,0.671375,-0.001222,1.402917,0.000017,0.941884,0.000022,1.064983,0.000022
94,0.027821,-0.004416,0.501642,0.005639,1.660217,0.000034,0.832834,0.000057,0.978511,0.000057
95,0.082180,0.004186,0.419452,0.003739,1.228067,0.000026,0.515115,0.000052,0.622873,0.000052
96,0.031534,-0.005006,0.158138,-0.009697,0.455739,0.000038,0.072070,0.000153,0.112059,0.000153
97,0.040047,0.002315,0.625072,0.005873,2.092571,0.000026,1.308008,0.000036,1.491622,0.000036
98,0.017623,0.002655,0.299418,-0.045872,0.957448,0.000039,0.286677,0.000102,0.370689,0.000102
99,0.066271,0.005351,0.209652,-0.009358,0.495350,0.000034,0.103851,0.000115,0.147316,0.000115
100,0.061472,0.002182,0.201582,0.004559,0.809700,0.000027,0.163221,0.000093,0.234268,0.000093
101,0.028660,0.003165,0.213995,0.005071,0.298588,0.000081,0.063896,0.000267,0.090096,0.000267
102,0.045708,0.006516,0.172426,0.007166,0.553527,0.000015,0.095442,0.000059,0.144012,0.000059
103,0.042383,-0.007149,0.438430,-0.018415,1.284779,0.000058,0.563285,0.000110,0.676019,0.000110
104,0.052286,-0.004000,0.326072,-0.000082,0.302526,0.000056,0.098645,0.000135,0.125191,0.000135
105,0.014368,-0.000252,0.261603,-0.000852,0.385550,0.000035,0.100861,0.000099,0.134691,0.000099
106,0.035190,-0.001798,0.319153,-0.007891,0.539939,0.000037,0.172323,0.000091,0.219700,0.000091
107,0.057878,-0.001677,0.455248,-0.004072,1.828615,0.000044,0.832472,0.000081,0.992926,0.000081
108,0.021711,-0.002728,0.312808,-0.006143,1.008956,0.000028,0.315609,0.000069,0.404141,0.000069
109,0.062845,0.000261,0.251158,0.012555,0.586421,0.000034,0.147284,0.000100,0.198740,0.000100
110,0.038204,0.004298,0.885076,-0.003035,2.834941,0.000033,2.509137,0.000034,2.757892,0.000034
111,0.009151,0.002228,0.359834,0.010493,0.398794,0.000051,0.143500,0.000114,0.178492,0.000114
112,0.083260,0.004618,0.334618,0.002777,1.625191,0.000028,0.543818,0.000067,0.686422,0.000067
113,0.043853,-0.006164,0.427213,-0.007819,1.381998,0.000052,0.590408,0.000101,0.711672,0.000101
114,0.062852,0.002301,0.489171,-0.000558,0.561603,0.000038,0.274720,0.000067,0.323998,0.000067
115,0.098143,0.003932,0.218564,-0.000196,0.417697,0.000073,0.091294,0.000237,0.127945,0.000237
116,0.058505,0.003969,0.228560,-0.001950,0.455821,0.000030,0.104182,0.000094,0.144179,0.000094
117,0.048345,-0.002470,0.287655,-0.001835,1.005767,0.000025,0.289314,0.000066,0.377566,0.000066
118,0.030278,0.002869,0.492211,-0.000522,0.652869,0.000024,0.321349,0.000042,0.378636,0.000042
119,0.081216,0.000543,0.345559,-0.018679,2.021095,0.000042,0.698408,0.000096,0.875751,0.000096
120,0.028365,0.000147,0.391601,0.001707,0.944829,0.000032,0.369996,0.000067,0.452900,0.000067
121,0.019127,0.003047,0.203134,0.015485,0.458288,0.000037,0.093094,0.000127,0.133307,0.000127
122,0.048940,0.004531,0.390771,0.015541,1.725509,0.000046,0.674278,0.000096,0.825684,0.000096
123,0.033339,-0.003387,0.139595,-0.000805,0.624991,0.000029,0.087246,0.000126,0.142086,0.000126
124,0.032790,0.005954,0.198211,0.018150,0.479766,0.000033,0.095095,0.000116,0.137192,0.000116
125,0.030153,0.001752,0.354010,-0.002387,0.586598,0.000033,0.207662,0.000076,0.259133,0.000076
126,0.048544,0.002953,0.346842,-0.000646,0.845672,0.000039,0.293315,0.000090,0.367519,0.000090
127,0.014844,-0.001412,0.141972,-0.007895,0.426728,0.000044,0.060583,0.000192,0.098027,0.000192
128,0.009541,0.000785,0.284795,0.006913,0.473637,0.000037,0.134889,0.000099,0.176449,0.000099
129,0.052154,0.002173,0.364017,-0.000886,0.613526,0.000043,0.223334,0.000094,0.277168,0.000094
130,0.031654,0.002451,0.362621,-0.013278,0.488638,0.000042,0.177190,0.000094,0.220066,0.000094
131,0.026522,-0.001060,0.212002,-0.008484,0.475342,0.000049,0.100773,0.000164,0.142482,0.000164
132,0.073443,0.004085,0.352796,-0.017463,1.275229,0.000040,0.449896,0.000092,0.561792,0.000092
133,0.022980,-0.006300,0.436932,0.004502,0.337750,0.000026,0.147574,0.000049,0.177210,0.000049
134,0.022172,-0.001766,0.830406,-0.001316,1.331361,0.000042,1.105569,0.000046,1.222391,0.000046
135,0.045955,-0.001466,0.361924,-0.009041,0.747742,0.000042,0.270626,0.000093,0.336237,0.000093
136,0.026916,0.004986,0.251222,0.006725,0.978881,0.000033,0.245916,0.000099,0.331809,0.000099
137,0.075866,-0.004517,0.225861,0.000875,1.078173,0.000033,0.243517,0.000106,0.338122,0.000106
138,0.045004,0.005243,0.319396,-0.009499,0.592648,0.000035,0.189290,0.000085,0.241292,0.000085
139,0.014663,-0.003983,0.166564,-0.005491,0.419677,0.000068,0.069903,0.000267,0.106728,0.000267
140,0.046586,0.004335,0.213851,0.013102,0.451880,0.000044,0.096635,0.000145,0.136286,0.000145
141,0.118408,-0.001053,0.572434,0.008170,1.402465,0.000044,0.802818,0.000066,0.925879,0.000066
142,0.052895,-0.001695,0.512823,0.004553,1.895696,0.000033,0.972157,0.000055,1.138496,0.000055
143,0.063659,0.001896,0.294389,-0.007201,0.956747,0.000037,0.281656,0.000096,0.365606,0.000096
144,0.083407,0.005576,0.620966,-0.003445,1.281079,0.000040,0.795506,0.000056,0.907916,0.000056
145,0.024494,0.000436,0.633018,0.007614,1.565274,0.000051,0.990846,0.000071,1.128192,0.000071
146,0.074682,0.002808,0.228867,0.001804,0.420394,0.000048,0.096214,0.000151,0.133102,0.000151
147,0.047745,0.000320,0.173462,-0.013392,0.505941,0.000039,0.087761,0.000151,0.132156,0.000151
148,0.030359,0.003529,0.272737,0.003109,0.403462,0.000040,0.110039,0.000110,0.145441,0.000110
149,0.044252,-0.001499,0.251982,0.008576,0.393498,0.000040,0.099154,0.000116,0.133682,0.000116
150,0.015001,-0.004359,0.421664,-0.001709,1.105454,0.000036,0.466130,0.000070,0.563129,0.000070
151,0.045509,0.005607,0.223245,0.024623,0.495202,0.000043,0.110551,0.000137,0.154003,0.000137
152,0.158323,0.002146,0.389691,0.001756,0.585560,0.000038,0.228187,0.000080,0.279568,0.000080
153,0.034530,-0.002601,0.186577,0.010307,0.429146,0.000031,0.080069,0.000114,0.117724,0.000114
154,0.026842,0.000292,0.348737,-0.010402,1.434658,0.000026,0.500318,0.000059,0.626203,0.000059
155,0.023343,-0.003448,0.198584,0.004803,0.385979,0.000040,0.076649,0.000141,0.110517,0.000141
156,0.057348,0.001588,0.741423,0.002285,1.743990,0.000039,1.293035,0.000047,1.446063,0.000047
157,0.073245,0.006295,0.352934,0.007090,0.697617,0.000046,0.246213,0.000103,0.307426,0.000103
158,0.065801,0.001402,0.226041,0.006127,0.429870,0.000061,0.097168,0.000194,0.134888,0.000194
159,0.041517,0.000344,0.311121,-0.000185,0.660905,0.000026,0.205621,0.000066,0.263613,0.000066
160,0.037086,0.002870,0.659513,0.001619,2.954612,0.000034,1.948605,0.000046,2.207859,0.000046
161,0.178317,0.005146,0.263235,-0.007740,0.324459,0.000042,0.085409,0.000120,0.113879,0.000120
162,0.016874,-0.000672,0.333391,0.006993,1.377511,0.000033,0.459249,0.000078,0.580120,0.000078
163,0.044062,-0.001433,0.368604,-0.010994,0.975375,0.000041,0.359527,0.000090,0.445112,0.000090
164,0.198732,0.006587,0.173521,0.006731,0.412725,0.000037,0.071616,0.000140,0.107831,0.000140
165,0.065045,0.005461,0.434683,-0.004736,0.543268,0.000044,0.236149,0.000083,0.283819,0.000083
166,0.015814,-0.002986,0.262017,0.002566,0.338886,0.000101,0.088794,0.000288,0.118530,0.000288
167,0.036341,0.006150,0.323763,-0.009916,0.877712,0.000052,0.284171,0.000127,0.361187,0.000127
168,0.116742,0.005134,0.284244,0.019650,1.911429,0.000046,0.543313,0.000123,0.711033,0.000123
169,0.041676,0.001282,0.243520,0.004236,0.598167,0.000051,0.145666,0.000154,0.198152,0.000154
170,0.026444,-0.005979,0.246974,-0.007613,0.362484,0.000075,0.089524,0.000224,0.121331,0.000224
171,0.075959,0.004910,0.191106,-0.005043,0.381842,0.000043,0.072972,0.000154,0.106477,0.000154
172,0.052419,0.001812,0.505932,-0.002015,1.438064,0.000051,0.727562,0.000085,0.853746,0.000085
173,0.044149,-0.000430,0.357446,0.009532,0.378124,0.000032,0.135159,0.000071,0.168338,0.000071
174,0.016561,0.001902,0.170490,-0.004648,0.476197,0.000033,0.081187,0.000128,0.122971,0.000128
175,0.068031,0.000150,0.333638,-0.003241,1.184140,0.000051,0.395074,0.000120,0.498977,0.000120
176,0.057625,0.003241,0.264719,-0.000708,0.597120,0.000022,0.158069,0.000063,0.210464,0.000063
177,0.017977,-0.000323,0.241726,0.020620,0.387198,0.000039,0.093596,0.000118,0.127571,0.000118
178,0.054467,0.004404,0.203482,-0.002652,0.347192,0.000067,0.070647,0.000231,0.101112,0.000231
179,0.015056,-0.002075,0.260504,-0.011698,0.480900,0.000055,0.125276,0.000158,0.167473,0.000158
180,0.025883,-0.000140,0.818102,0.001242,2.510318,0.000065,2.053696,0.000072,2.273965,0.000072
181,0.048552,-0.003213,0.340946,-0.001713,0.663392,0.000041,0.226181,0.000097,0.284391,0.000097
182,0.029226,0.003700,0.244594,0.006247,0.508327,0.000037,0.124333,0.000110,0.168937,0.000110
183,0.139450,0.006345,0.404708,-0.001346,1.262029,0.000030,0.510754,0.000062,0.621491,0.000062
184,0.037028,0.006781,0.230179,-0.015373,0.399514,0.000044,0.091960,0.000137,0.127015,0.000137
185,0.027497,0.001685,0.266849,0.006008,1.177848,0.000020,0.314307,0.000056,0.417658,0.000056
186,0.083831,0.005322,0.183240,-0.001683,0.513062,0.000039,0.094013,0.000145,0.139032,0.000145
187,0.056574,0.000329,0.244083,-0.012477,0.400755,0.000043,0.097817,0.000131,0.132982,0.000131
188,0.038137,0.002580,0.275018,-0.002873,0.314823,0.000051,0.086582,0.000140,0.114206,0.000140
189,0.021477,-0.009440,0.394376,0.002857,2.067425,0.000031,0.815343,0.000065,0.996750,0.000065
190,0.023848,0.002152,0.301318,-0.000660,0.406891,0.000057,0.122604,0.000147,0.158307,0.000147
191,0.036736,0.000097,0.210502,-0.015793,0.349893,0.000083,0.073653,0.000278,0.104355,0.000278

===== block_1 =====
c,freq_fgconv_scalar,freq_fgconv_grad,gate_fgconv,gate_fgconv_grad,z_fgconv_energy,z_fgconv_grad_energy,pure_gated_fgconv_energy,pure_gated_fgconv_grad_energy,y_fgconv_energy,y_fgconv_grad_energy
0,0.705969,-0.012104,0.482002,0.002798,7.010854,0.000005,3.379245,0.000010,3.613233,0.000010
1,0.507279,-0.002227,0.107199,-0.013551,4.183582,0.000005,0.448476,0.000034,0.588104,0.000034
2,0.798731,-0.020003,0.052934,-0.045333,6.726378,0.000002,0.356053,0.000018,0.580547,0.000018
3,0.735494,0.000192,0.091455,-0.006843,3.670841,0.000007,0.335715,0.000056,0.458230,0.000056
4,0.580100,-0.000986,0.290397,-0.018730,4.890886,0.000003,1.420300,0.000010,1.583534,0.000010
5,0.669479,0.003714,0.173807,-0.003976,4.300868,0.000002,0.747519,0.000012,0.891061,0.000012
6,0.621493,-0.021821,0.130361,0.018741,4.016663,0.000004,0.523615,0.000025,0.657672,0.000025
7,0.817610,-0.011142,0.321913,0.002913,3.307409,0.000006,1.064699,0.000016,1.175084,0.000016
8,0.757792,0.015139,0.098587,-0.003626,5.568973,0.000003,0.549027,0.000026,0.734892,0.000026
9,0.460333,-0.003774,0.179611,0.028889,5.249758,0.000003,0.942912,0.000012,1.118124,0.000012
10,0.513502,0.006590,0.185605,0.031409,5.499125,0.000003,1.020666,0.000014,1.204200,0.000014
11,0.827753,-0.005268,0.398429,-0.007082,4.081102,0.000003,1.626029,0.000006,1.762236,0.000006
12,0.528727,-0.012282,0.854853,-0.003098,4.046751,0.000004,3.459377,0.000004,3.594438,0.000004
13,0.547468,0.019370,0.278340,0.023041,4.136824,0.000007,1.151445,0.000024,1.289512,0.000024
14,0.468791,0.001938,0.000006,0.142686,3.430048,0.000003,0.000019,0.000101,0.114498,0.000101
15,0.599238,0.018849,0.157457,-0.000133,3.961270,0.000007,0.623730,0.000037,0.755938,0.000037
16,0.725041,-0.002616,0.147585,0.020834,4.148804,0.000003,0.612302,0.000016,0.750769,0.000016
17,0.557850,0.021794,0.316694,0.002379,4.007947,0.000006,1.269292,0.000017,1.403058,0.000017
18,0.573906,-0.003462,0.265506,-0.027782,2.693349,0.000003,0.715100,0.000010,0.804991,0.000010
19,0.628480,0.000297,0.998058,0.000300,3.887169,0.000003,3.879621,0.000003,4.009356,0.000003
20,0.501481,0.000102,0.138131,0.019066,4.118178,0.000003,0.568846,0.000018,0.706291,0.000018
21,0.822116,0.011344,0.209193,0.026324,3.887947,0.000002,0.813332,0.000009,0.943093,0.000009
22,0.696640,-0.012335,0.187014,-0.199502,4.783683,0.000006,0.894615,0.000028,1.054271,0.000028
23,0.648446,0.007893,0.063117,-0.034676,9.040907,0.000001,0.570634,0.000009,0.872376,0.000009
24,0.500563,0.012712,0.160581,-0.008360,3.621856,0.000009,0.581603,0.000047,0.702483,0.000047
25,0.571397,0.003699,0.020687,0.249235,4.152720,0.000006,0.085907,0.000117,0.224505,0.000117
26,0.734290,-0.018881,0.139327,0.067105,7.067282,0.000003,0.984664,0.000017,1.220536,0.000017
27,0.607142,-0.025416,0.314970,-0.010349,5.274604,0.000003,1.661343,0.000009,1.837384,0.000009
28,0.685783,0.016855,0.063812,0.012220,3.633809,0.000001,0.231882,0.000013,0.353161,0.000013
29,0.646511,-0.012474,0.361768,-0.002101,4.609909,0.000005,1.667718,0.000013,1.821574,0.000013
30,0.983742,-0.001076,0.341747,0.005116,3.471488,0.000004,1.186372,0.000011,1.302233,0.000011
31,0.564241,-0.001837,0.174028,0.011527,4.393051,0.000004,0.764516,0.000017,0.911135,0.000017
32,0.563595,0.012065,0.113698,-0.007057,4.005079,0.000002,0.455370,0.000016,0.589040,0.000016
33,0.656088,0.017347,0.112650,0.009942,4.416924,0.000004,0.497567,0.000027,0.644983,0.000027
34,0.770732,-0.024611,0.441237,-0.003260,4.594224,0.000004,2.027144,0.000009,2.180477,0.000009
35,0.504973,-0.002563,0.167863,-0.049819,4.484433,0.000004,0.752770,0.000018,0.902439,0.000018
36,0.405449,0.006554,0.184477,0.008793,5.184666,0.000002,0.956453,0.000009,1.129492,0.000009
37,0.542736,0.009782,0.088856,-0.015957,5.572049,0.000001,0.495107,0.000007,0.681076,0.000007
38,0.831145,-0.014003,0.181364,0.006331,4.687534,0.000004,0.850151,0.000020,1.006598,0.000020
39,0.551374,-0.004837,0.469186,0.005244,3.779143,0.000004,1.773122,0.000008,1.899251,0.000008
40,0.612900,0.010041,0.036248,-0.011183,3.827644,0.000001,0.138743,0.000014,0.266491,0.000014
41,0.706707,-0.001536,0.082097,-0.005699,3.761136,0.000003,0.308779,0.000030,0.434308,0.000030
42,0.810309,0.004566,0.153202,0.026507,3.625096,0.000003,0.555372,0.000015,0.676360,0.000015
43,0.527575,0.001487,0.216500,0.019909,3.761264,0.000006,0.814313,0.000026,0.939846,0.000026
44,0.632253,0.011848,0.061328,0.032737,5.040583,0.000003,0.309127,0.000032,0.477358,0.000032
45,0.604947,0.018182,0.480205,0.000486,3.930221,0.000005,1.887311,0.000010,2.018483,0.000010
46,0.643077,0.012872,0.188077,0.013377,6.670089,0.000002,1.254489,0.000009,1.477104,0.000009
47,0.651270,-0.007862,0.980768,-0.007446,3.703259,0.000004,3.632037,0.000004,3.755634,0.000004
48,0.555504,-0.009471,0.220130,-0.007541,4.426023,0.000004,0.974299,0.000018,1.122018,0.000018
49,0.624543,-0.013463,0.636474,0.005505,4.347538,0.000004,2.767095,0.000007,2.912194,0.000007
50,0.411361,0.006464,0.173162,0.003470,3.957658,0.000004,0.685315,0.000018,0.817403,0.000018
51,0.571464,0.013435,0.278255,-0.001208,4.379874,0.000003,1.218724,0.000009,1.364903,0.000009
52,0.803404,-0.000958,0.238746,0.004172,2.961030,0.000004,0.706934,0.000016,0.805759,0.000016
53,0.694597,-0.002454,0.237003,-0.001907,6.428926,0.000001,1.523676,0.000006,1.738243,0.000006
54,0.575480,0.015707,0.091098,-0.021042,6.611228,0.000001,0.602271,0.000006,0.822922,0.000006
55,0.558207,-0.004863,0.999925,0.003051,6.013797,0.000004,6.013346,0.000004,6.214057,0.000004
56,0.621213,-0.000233,0.203111,0.001083,5.260634,0.000007,1.068494,0.000028,1.244069,0.000028
57,0.508129,-0.005393,0.124832,0.048791,3.863426,0.000004,0.482278,0.000024,0.611221,0.000024
58,0.901775,-0.009590,0.166621,0.010170,5.222808,0.000005,0.870228,0.000024,1.044540,0.000024
59,0.450534,0.009805,0.160234,0.011289,5.976686,0.000003,0.957668,0.000017,1.157141,0.000017
60,0.532113,-0.008201,0.109158,0.006390,4.623314,0.000002,0.504671,0.000013,0.658975,0.000013
61,0.574615,0.019266,0.038109,-0.003992,4.263630,0.000003,0.162483,0.000043,0.304782,0.000043
62,0.650674,-0.023696,0.191583,-0.009454,3.692930,0.000001,0.707502,0.000006,0.830754,0.000006
63,0.959598,0.006499,0.701940,0.003518,3.779746,0.000003,2.653157,0.000004,2.779306,0.000004
64,0.453873,-0.009276,0.305616,-0.002674,4.241094,0.000006,1.296145,0.000017,1.437693,0.000017
65,0.475971,0.016771,0.119035,0.008410,5.694570,0.000004,0.677853,0.000024,0.867910,0.000024
66,0.467357,0.001880,0.168927,-0.008454,4.582143,0.000002,0.774048,0.000010,0.926978,0.000010
67,0.445675,0.006419,0.320979,-0.017541,7.333303,0.000005,2.353838,0.000013,2.598588,0.000013
68,0.656111,0.010252,0.274740,-0.009330,3.583357,0.000006,0.984491,0.000020,1.104086,0.000020
69,0.705021,-0.001504,0.303313,0.001605,7.062488,0.000002,2.142144,0.000005,2.377856,0.000005
70,0.615077,-0.000530,0.935269,0.001225,6.912508,0.000003,6.465052,0.000003,6.695758,0.000003
71,0.457325,-0.002087,0.999999,0.004969,4.734278,0.000006,4.734274,0.000005,4.892282,0.000005
72,0.523472,-0.009068,0.404000,-0.005451,5.917512,0.000005,2.390677,0.000012,2.588175,0.000012
73,0.762233,0.001151,0.050831,-0.025262,3.561725,0.000003,0.181046,0.000032,0.299919,0.000032
74,0.742252,-0.005426,0.131186,-0.015053,3.375483,0.000002,0.442816,0.000010,0.555473,0.000010
75,0.663763,-0.010737,0.089714,0.007189,3.938038,0.000003,0.353298,0.000025,0.484730,0.000025
76,0.455291,0.004850,0.050259,0.013506,4.589627,0.000003,0.230669,0.000030,0.383848,0.000030
77,0.803730,-0.010304,0.458924,-0.015303,4.908252,0.000004,2.252515,0.000009,2.416329,0.000009
78,0.568991,-0.005106,0.079991,0.038654,4.519163,0.000003,0.361490,0.000023,0.512318,0.000023
79,0.464962,0.012752,0.032244,0.042163,4.611532,0.000006,0.148693,0.000090,0.302603,0.000090
80,0.808719,-0.021238,0.137423,-0.002968,3.369540,0.000002,0.463053,0.000015,0.575512,0.000015
81,0.444344,-0.026718,0.305269,-0.020702,5.314971,0.000005,1.622498,0.000015,1.799886,0.000015
82,0.696668,-0.003477,0.998910,0.002788,5.577217,0.000005,5.571140,0.000004,5.757281,0.000004
83,0.488863,0.007225,0.215154,-0.015186,4.332371,0.000002,0.932125,0.000007,1.076718,0.000007
84,0.570587,-0.005018,0.086885,-0.000604,6.444293,0.000004,0.559909,0.000036,0.774989,0.000036
85,0.634478,0.000282,0.292428,0.005353,3.592178,0.000004,1.050452,0.000012,1.170342,0.000012
86,0.622847,0.007953,0.810299,0.004941,4.306755,0.000005,3.489759,0.000006,3.633498,0.000006
87,0.642160,-0.022628,0.139907,-0.033170,4.492161,0.000007,0.628486,0.000038,0.778413,0.000038
88,0.639550,-0.008141,0.215383,-0.026678,7.417655,0.000004,1.597635,0.000016,1.845200,0.000016
89,0.739257,-0.011264,0.013019,-0.046730,4.832608,0.000003,0.062917,0.000068,0.224206,0.000068
90,0.710552,0.015270,0.133238,-0.015986,6.368565,0.000001,0.848533,0.000008,1.061085,0.000008
91,0.745427,-0.005711,0.151049,0.046014,4.482541,0.000004,0.677083,0.000022,0.826688,0.000022
92,0.639602,0.034029,0.113795,-0.006014,5.060495,0.000002,0.575858,0.000012,0.744753,0.000012
93,0.461480,-0.011462,0.197109,0.024790,5.790562,0.000001,1.141374,0.000005,1.334635,0.000005
94,0.700327,-0.001533,0.999994,-0.002870,7.087876,0.000002,7.087832,0.000002,7.324391,0.000002
95,0.679414,-0.000062,0.181303,-0.003520,3.399722,0.000002,0.616379,0.000011,0.729845,0.000011
96,0.500004,0.001502,0.369931,0.015740,3.469440,0.000005,1.283453,0.000012,1.399246,0.000012
97,0.541972,0.027014,0.119397,0.072575,4.054345,0.000006,0.484078,0.000041,0.619393,0.000041
98,0.569454,-0.021765,0.214794,0.000251,4.087680,0.000002,0.878007,0.000008,1.014434,0.000008
99,0.502733,-0.005538,0.137067,-0.000592,3.653991,0.000002,0.500841,0.000014,0.622794,0.000014
100,0.697087,0.012198,0.671140,0.000278,4.431720,0.000004,2.974307,0.000006,3.122216,0.000006
101,0.743446,-0.006965,0.192988,0.046200,4.402100,0.000002,0.849554,0.000010,0.996475,0.000010
102,0.474655,-0.007277,0.115593,0.011976,4.249617,0.000006,0.491228,0.000039,0.633060,0.000039
103,0.604379,0.018094,0.202367,0.039192,4.588309,0.000008,0.928523,0.000035,1.081659,0.000035
104,0.518812,0.004257,0.119074,0.011239,4.303965,0.000002,0.512490,0.000015,0.656136,0.000015
105,0.598885,0.010717,0.257493,0.003542,3.522095,0.000003,0.906916,0.000010,1.024467,0.000010
106,0.536427,-0.007098,0.553459,0.004482,3.476606,0.000004,1.924158,0.000008,2.040190,0.000008
107,0.627597,-0.009822,0.870910,0.000463,5.067358,0.000003,4.413213,0.000003,4.582336,0.000003
108,0.425128,-0.017747,0.279794,0.007300,4.906072,0.000003,1.372687,0.000008,1.536428,0.000008
109,0.775127,0.008787,0.043951,0.016115,9.573895,0.000000,0.420779,0.000005,0.740309,0.000005
110,0.561416,-0.008310,0.999994,0.000327,3.464239,0.000003,3.464218,0.000003,3.579838,0.000003
111,0.644133,-0.001612,0.144291,0.012205,3.948586,0.000004,0.569747,0.000023,0.701532,0.000023
112,0.561108,0.003525,0.204174,-0.001303,4.274593,0.000002,0.872760,0.000010,1.015425,0.000010
113,0.663228,0.000405,0.167585,-0.010012,4.730282,0.000003,0.792722,0.000013,0.950596,0.000013
114,0.473594,0.000039,0.221772,0.002806,5.187637,0.000002,1.150472,0.000007,1.323610,0.000007
115,0.917715,-0.001350,0.570743,-0.007538,3.452322,0.000009,1.970389,0.000014,2.085610,0.000014
116,0.523274,0.000045,0.185184,0.008412,3.742453,0.000003,0.693043,0.000012,0.817948,0.000012
117,0.773861,-0.008716,0.122324,0.000409,4.653477,0.000001,0.569233,0.000009,0.724544,0.000009
118,0.526253,-0.002707,0.124126,-0.014537,3.099374,0.000003,0.384713,0.000020,0.488155,0.000020
119,0.584875,0.004888,0.104461,0.024566,4.095653,0.000003,0.427837,0.000022,0.564531,0.000022
120,0.553506,-0.009021,0.121139,-0.094708,7.350748,0.000003,0.890463,0.000021,1.135795,0.000021
121,0.588560,0.012411,0.125997,-0.011690,3.684889,0.000002,0.464285,0.000014,0.587269,0.000014
122,0.497728,-0.005457,0.050808,0.031112,7.036260,0.000004,0.357501,0.000042,0.592338,0.000042
123,0.562604,0.006774,0.215167,0.036106,2.862769,0.000008,0.615973,0.000032,0.711519,0.000032
124,0.877325,0.014450,0.163596,-0.008567,3.531124,0.000002,0.577679,0.000009,0.695531,0.000009
125,0.752453,-0.008772,0.170914,0.009420,5.226361,0.000002,0.893258,0.000011,1.067689,0.000011
126,0.717139,-0.011714,0.194863,-0.009912,4.434556,0.000004,0.864130,0.000017,1.012135,0.000017
127,0.562785,0.005083,0.217442,-0.022212,5.099742,0.000004,1.108900,0.000016,1.279104,0.000016
128,0.765831,0.011981,0.127099,-0.022217,5.071398,0.000003,0.644567,0.000019,0.813826,0.000019
129,0.659424,-0.005970,0.107907,0.013801,4.454744,0.000003,0.480697,0.000022,0.629375,0.000022
130,0.674241,-0.007419,0.305160,-0.012313,3.918494,0.000004,1.195766,0.000011,1.326546,0.000011
131,0.546159,-0.012029,0.095711,0.002515,4.267643,0.000002,0.408458,0.000016,0.550892,0.000016
132,0.584764,0.008919,0.052116,0.000260,4.721257,0.000003,0.246052,0.000029,0.403625,0.000029
133,0.510049,-0.001613,0.444030,0.071598,5.339689,0.000005,2.370980,0.000010,2.549193,0.000010
134,0.527524,0.005054,0.068802,-0.017937,4.133888,0.000004,0.284421,0.000037,0.422390,0.000037
135,0.464761,-0.008617,0.408864,-0.000687,4.102182,0.000003,1.677235,0.000006,1.814146,0.000006
136,0.498390,-0.005832,0.363843,0.011366,3.541046,0.000009,1.288385,0.000023,1.406568,0.000023
137,0.434247,-0.010055,0.227539,-0.005785,3.912010,0.000005,0.890136,0.000018,1.020700,0.000018
138,0.602996,-0.002586,0.174203,-0.008424,5.824708,0.000004,1.014684,0.000020,1.209085,0.000020
139,0.748798,0.006794,0.264740,-0.007886,6.794319,0.000003,1.798731,0.000011,2.025493,0.000011
140,0.572778,0.008517,0.320121,0.005942,3.859218,0.000004,1.235417,0.000011,1.364219,0.000011
141,0.937884,0.042983,0.448636,0.004248,4.020015,0.000005,1.803525,0.000011,1.937693,0.000011
142,0.771413,-0.010766,0.247234,-0.016038,3.725317,0.000004,0.921024,0.000015,1.045357,0.000015
143,0.590398,0.001761,0.055165,0.002781,7.324183,0.000001,0.404041,0.000006,0.648486,0.000006
144,0.715254,0.003585,0.929664,-0.000888,3.784845,0.000003,3.518635,0.000003,3.644955,0.000003
145,0.654737,-0.006295,0.733325,-0.007367,4.710934,0.000005,3.454645,0.000006,3.611874,0.000006
146,0.808563,0.002983,0.074973,0.063929,4.300686,0.000006,0.322436,0.000053,0.465972,0.000053
147,0.774468,-0.004787,0.113523,0.057436,3.471880,0.000008,0.394137,0.000052,0.510012,0.000052
148,0.491258,0.008728,0.077749,0.001175,3.656960,0.000004,0.284325,0.000038,0.406376,0.000038
149,0.576901,-0.007499,0.223444,0.006641,4.042438,0.000003,0.903259,0.000011,1.038176,0.000011
150,0.720690,0.006215,0.066629,0.001459,3.966096,0.000003,0.264258,0.000028,0.396627,0.000028
151,0.735689,0.018661,0.085748,0.036651,5.256501,0.000001,0.450733,0.000009,0.626170,0.000009
152,0.597884,-0.005515,0.115835,0.011251,3.578642,0.000005,0.414531,0.000032,0.533969,0.000032
153,0.538840,0.005609,0.139368,0.004010,4.006301,0.000003,0.558350,0.000019,0.692061,0.000019
154,0.477175,-0.002078,0.063200,0.023821,3.869630,0.000003,0.244561,0.000029,0.373711,0.000029
155,0.707479,-0.008919,0.185119,-0.012971,4.133205,0.000001,0.765134,0.000006,0.903081,0.000006
156,0.661078,-0.030106,0.537884,0.001663,4.467247,0.000005,2.402859,0.000008,2.551954,0.000008
157,0.933331,0.005842,0.256319,0.030017,4.112344,0.000003,1.054072,0.000009,1.191322,0.000009
158,0.876075,-0.004964,0.029495,0.093521,4.662789,0.000005,0.137527,0.000087,0.293149,0.000087
159,0.505456,0.001072,0.235752,0.001122,5.068719,0.000004,1.194959,0.000015,1.364129,0.000015
160,0.569240,0.015019,0.812835,0.002265,4.127234,0.000003,3.354760,0.000003,3.492507,0.000003
161,0.607328,-0.010864,0.115455,0.001395,5.657161,0.000002,0.653148,0.000014,0.841957,0.000014
162,0.570707,-0.007950,0.486519,0.003387,3.282387,0.000006,1.596943,0.000011,1.706493,0.000011
163,0.698382,-0.007404,0.077372,0.014154,4.349244,0.000005,0.336509,0.000047,0.481666,0.000047
164,0.559194,-0.000621,0.329310,-0.026108,5.460471,0.000007,1.798186,0.000019,1.980430,0.000019
165,0.517863,0.001914,0.137319,0.005766,4.287561,0.000004,0.588762,0.000023,0.731860,0.000023
166,0.792028,-0.014946,0.181112,-0.004971,4.545864,0.000002,0.823313,0.000011,0.975032,0.000011
167,0.654615,-0.007277,0.343591,-0.017092,4.036869,0.000005,1.387031,0.000013,1.521762,0.000013
168,0.534184,0.003562,0.127674,0.000413,4.116721,0.000004,0.525598,0.000027,0.662995,0.000027
169,0.724609,0.002409,0.109203,-0.087978,4.845162,0.000004,0.529105,0.000028,0.690813,0.000028
170,1.020666,-0.014768,0.784900,0.022909,3.318747,0.000009,2.604884,0.000011,2.715648,0.000011
171,0.532367,-0.015091,0.119859,0.009681,5.337188,0.000002,0.639712,0.000011,0.817842,0.000011
172,0.577352,0.006991,0.299221,0.002068,4.325149,0.000002,1.294177,0.000006,1.438530,0.000006
173,0.417926,0.020486,0.400943,-0.016421,4.567375,0.000005,1.831255,0.000012,1.983692,0.000012
174,0.629761,-0.012154,0.182925,-0.004682,4.001407,0.000003,0.731956,0.000012,0.865503,0.000012
175,0.742926,0.011799,0.175432,0.003839,5.333515,0.000003,0.935671,0.000015,1.113678,0.000015
176,0.510616,0.011520,0.082225,0.025431,4.309711,0.000005,0.354365,0.000047,0.498203,0.000047
177,0.470217,0.005021,0.174888,0.017204,4.286726,0.000002,0.749695,0.000009,0.892765,0.000009
178,0.702950,-0.009306,0.043313,-0.005045,4.590693,0.000005,0.198836,0.000059,0.352051,0.000059
179,0.677718,-0.007679,0.028769,-0.006404,4.324603,0.000003,0.124415,0.000048,0.268749,0.000048
180,0.523813,0.008406,0.119481,0.014572,4.008247,0.000003,0.478911,0.000022,0.612687,0.000022
181,0.719420,-0.012441,0.243973,-0.005183,4.220263,0.000003,1.029630,0.000010,1.170482,0.000010
182,0.602546,0.002184,0.034403,0.037108,4.523971,0.000004,0.155640,0.000058,0.306628,0.000058
183,0.474624,-0.012482,0.317751,0.008453,4.711065,0.000003,1.496943,0.000007,1.654176,0.000007
184,0.582800,0.006141,0.006360,0.068397,3.857036,0.000005,0.024530,0.000134,0.153259,0.000134
185,0.517286,0.006723,0.061602,0.002778,7.294551,0.000003,0.449356,0.000029,0.692813,0.000029
186,0.648463,-0.011600,0.608730,0.001892,3.425311,0.000006,2.085088,0.000009,2.199409,0.000009
187,0.617053,-0.014038,0.146543,0.035370,6.773252,0.000003,0.992573,0.000015,1.218632,0.000015
188,0.563348,-0.007594,0.103355,0.015988,3.857928,0.000003,0.398735,0.000023,0.527494,0.000023
189,0.534356,0.006894,0.100114,0.017179,4.640000,0.000003,0.464529,0.000019,0.619389,0.000019
190,0.834229,-0.000788,0.237007,-0.021354,6.446453,0.000004,1.527855,0.000016,1.743007,0.000016
191,0.592997,-0.004163,0.161285,0.024622,4.010056,0.000005,0.646761,0.000023,0.780597,0.000023

===== block_2 =====
c,freq_fgconv_scalar,freq_fgconv_grad,gate_fgconv,gate_fgconv_grad,z_fgconv_energy,z_fgconv_grad_energy,pure_gated_fgconv_energy,pure_gated_fgconv_grad_energy,y_fgconv_energy,y_fgconv_grad_energy
0,0.705969,0.000923,0.432521,-0.002005,1.397614,0.000008,0.604498,0.000013,0.873634,0.000013
1,0.507279,-0.000273,0.131775,0.001968,2.505425,0.000004,0.330151,0.000012,0.812618,0.000012
2,0.798731,-0.000446,0.686915,0.000746,3.627746,0.000006,2.491951,0.000007,3.190542,0.000007
3,0.735494,-0.000706,0.824680,0.009100,1.670351,0.000009,1.377505,0.000009,1.699162,0.000009
4,0.580100,0.000583,0.546988,0.000339,2.320946,0.000008,1.269530,0.000011,1.716471,0.000011
5,0.669479,0.000464,0.094317,0.001979,2.115856,0.000004,0.199560,0.000013,0.607008,0.000013
6,0.621493,0.000037,0.491965,0.003609,2.302169,0.000011,1.132587,0.000016,1.575913,0.000016
7,0.817610,-0.000389,0.997639,-0.003718,1.918607,0.000007,1.914078,0.000006,2.283541,0.000006
8,0.757792,0.000042,0.940533,0.001885,1.993276,0.000010,1.874742,0.000009,2.258584,0.000009
9,0.460333,-0.000342,0.140486,0.001294,2.313961,0.000005,0.325079,0.000015,0.770675,0.000015
10,0.513502,0.000150,0.805511,0.017341,1.919937,0.000017,1.546530,0.000017,1.916250,0.000017
11,0.827753,0.000707,0.712123,0.005579,2.358059,0.000008,1.679227,0.000009,2.133316,0.000009
12,0.528727,0.001458,0.819863,0.001365,2.030890,0.000011,1.665050,0.000011,2.056136,0.000011
13,0.547468,0.001148,0.761640,0.003048,2.336036,0.000012,1.779219,0.000012,2.229067,0.000012
14,0.468791,-0.003252,0.668149,0.007831,1.774178,0.000007,1.185415,0.000008,1.527066,0.000008
15,0.599238,0.001599,0.902860,0.001847,1.556974,0.000010,1.405730,0.000009,1.705554,0.000009
16,0.725041,0.000087,0.797080,-0.005575,2.595102,0.000015,2.068503,0.000015,2.568238,0.000015
17,0.557850,-0.000838,0.830972,-0.003345,2.001320,0.000009,1.663041,0.000009,2.048432,0.000009
18,0.573906,-0.000953,0.616986,0.003397,1.560620,0.000008,0.962880,0.000010,1.263407,0.000010
19,0.628480,0.001508,0.999354,-0.000176,2.049255,0.000008,2.047931,0.000007,2.442554,0.000007
20,0.501481,0.001980,0.174211,0.011788,2.254901,0.000004,0.392829,0.000012,0.827052,0.000012
21,0.822116,-0.000835,0.913769,-0.001021,2.203853,0.000009,2.013813,0.000008,2.438206,0.000008
22,0.696640,0.000682,0.593944,0.000971,3.743552,0.000007,2.223460,0.000008,2.944350,0.000008
23,0.648446,-0.002973,0.807700,-0.002433,2.528818,0.000006,2.042525,0.000006,2.529496,0.000006
24,0.500563,-0.001262,0.931834,0.001309,2.107306,0.000006,1.963659,0.000006,2.369460,0.000006
25,0.571397,0.000819,0.464031,0.014620,1.426484,0.000010,0.661933,0.000015,0.936629,0.000015
26,0.734290,0.002472,0.561365,0.002760,1.788774,0.000010,1.004154,0.000013,1.348616,0.000013
27,0.607142,-0.000022,0.993483,-0.000516,2.463708,0.000007,2.447651,0.000006,2.922083,0.000006
28,0.685783,0.000278,0.999485,0.001987,1.956102,0.000007,1.955096,0.000006,2.331780,0.000006
29,0.646511,0.000616,0.823415,0.003277,1.692836,0.000009,1.393906,0.000009,1.719893,0.000009
30,0.983742,0.002633,0.650006,-0.001554,4.547806,0.000005,2.956100,0.000006,3.831865,0.000006
31,0.564241,0.002507,0.494602,0.005202,2.717420,0.000008,1.344042,0.000011,1.867332,0.000011
32,0.563595,0.000848,0.996192,0.003529,2.164325,0.000007,2.156083,0.000005,2.572864,0.000005
33,0.656088,-0.001328,0.341419,0.003105,1.926133,0.000007,0.657619,0.000013,1.028532,0.000013
34,0.770732,0.000707,0.493447,0.002516,1.797417,0.000007,0.886930,0.000011,1.233056,0.000011
35,0.504973,0.000170,0.996562,0.002351,2.098727,0.000007,2.091511,0.000006,2.495660,0.000006
36,0.405449,0.000132,0.368942,0.008252,2.665146,0.000008,0.983285,0.000014,1.496508,0.000014
37,0.542736,0.000275,0.860768,-0.004574,1.863147,0.000013,1.603737,0.000013,1.962521,0.000013
38,0.831145,-0.002307,0.692419,0.001821,3.687233,0.000005,2.553111,0.000006,3.263156,0.000006
39,0.551374,0.001201,0.516369,-0.000129,2.939241,0.000007,1.517733,0.000010,2.083738,0.000010
40,0.612900,0.002519,0.705892,0.001212,2.747952,0.000006,1.939757,0.000007,2.468926,0.000007
41,0.706707,-0.000001,0.441925,-0.000919,3.707714,0.000005,1.638531,0.000008,2.352520,0.000008
42,0.810309,-0.000774,0.243142,0.018672,3.343782,0.000005,0.813013,0.000011,1.456920,0.000011
43,0.527575,-0.000763,0.788973,0.004666,1.961264,0.000008,1.547385,0.000008,1.925062,0.000008
44,0.632253,-0.000283,0.524973,0.000232,1.875128,0.000010,0.984392,0.000014,1.345483,0.000014
45,0.604947,0.000055,0.999868,0.001432,2.406381,0.000005,2.406063,0.000004,2.869457,0.000004
46,0.643077,0.000310,0.637994,-0.003684,1.910643,0.000006,1.218979,0.000008,1.586909,0.000008
47,0.651270,0.000885,0.619014,0.011064,1.657876,0.000010,1.026248,0.000013,1.345503,0.000013
48,0.555504,-0.000706,0.998654,0.004578,1.885032,0.000007,1.882495,0.000005,2.245493,0.000005
49,0.624543,-0.002577,0.648609,-0.003335,2.702958,0.000007,1.753164,0.000009,2.273668,0.000009
50,0.411361,0.003817,0.661282,-0.002733,1.977852,0.000011,1.307919,0.000013,1.688791,0.000013
51,0.571464,0.000630,0.951360,-0.007789,2.274486,0.000009,2.163856,0.000008,2.601850,0.000008
52,0.803404,-0.002048,0.698630,-0.000509,1.712575,0.000008,1.196456,0.000009,1.526245,0.000009
53,0.694597,-0.002137,0.762634,-0.002140,2.773391,0.000007,2.115083,0.000007,2.649152,0.000007
54,0.575480,-0.002151,0.682043,-0.004884,2.134939,0.000008,1.456120,0.000009,1.867242,0.000009
55,0.558207,-0.003099,0.798674,0.003625,1.618811,0.000008,1.292903,0.000008,1.604635,0.000008
56,0.621213,0.001476,0.948249,-0.002384,2.144738,0.000009,2.033745,0.000008,2.446754,0.000008
57,0.508129,-0.000439,0.993154,0.000556,2.613209,0.000003,2.595320,0.000003,3.098541,0.000003
58,0.901775,0.000793,0.715439,0.001729,1.794455,0.000007,1.283822,0.000007,1.629378,0.000007
59,0.450534,0.001005,0.927828,0.001781,4.848536,0.000003,4.498605,0.000003,5.432281,0.000003
60,0.532113,-0.001359,0.998471,0.000079,3.359175,0.000002,3.354039,0.000002,4.000911,0.000002
61,0.574615,-0.001303,0.981336,0.002491,1.792140,0.000007,1.758690,0.000006,2.103800,0.000006
62,0.650674,0.000258,0.216946,-0.016583,1.826775,0.000008,0.396313,0.000019,0.748092,0.000019
63,0.959598,0.000253,0.644342,-0.000692,1.604279,0.000005,1.033704,0.000006,1.342638,0.000006
64,0.453873,0.002646,0.491217,-0.006379,1.784778,0.000011,0.876713,0.000016,1.220405,0.000016
65,0.475971,0.001918,0.134682,0.008152,1.928937,0.000004,0.259793,0.000013,0.631246,0.000013
66,0.467357,-0.000829,0.839120,0.001471,2.086227,0.000007,1.750595,0.000007,2.152337,0.000007
67,0.445675,-0.001619,0.266516,0.000166,1.876322,0.000006,0.500070,0.000012,0.861391,0.000012
68,0.656111,0.001186,0.178404,-0.003427,2.420600,0.000009,0.431846,0.000024,0.897977,0.000024
69,0.705021,-0.000610,0.971128,0.000687,2.065817,0.000006,2.006174,0.000005,2.403985,0.000005
70,0.615077,-0.001480,0.985638,-0.002908,1.637901,0.000008,1.614378,0.000007,1.929786,0.000007
71,0.457325,-0.000386,0.952195,-0.001562,2.356708,0.000007,2.244046,0.000006,2.697874,0.000006
72,0.523472,-0.000940,0.929462,0.000828,1.973851,0.000009,1.834619,0.000008,2.214721,0.000008
73,0.762233,0.000737,0.472335,-0.005060,2.188392,0.000007,1.033655,0.000011,1.455071,0.000011
74,0.742252,-0.000175,0.733900,0.008426,1.447438,0.000009,1.062274,0.000010,1.341005,0.000010
75,0.663763,-0.001538,0.830274,-0.003926,2.050348,0.000011,1.702350,0.000011,2.097183,0.000011
76,0.455291,0.001003,0.236934,0.015611,2.888226,0.000007,0.684319,0.000017,1.240501,0.000017
77,0.803730,0.000915,0.371395,0.007216,2.015094,0.000009,0.748396,0.000016,1.136440,0.000016
78,0.568991,-0.000059,0.163712,-0.004623,1.934027,0.000006,0.316623,0.000018,0.689056,0.000018
79,0.464962,0.003819,0.633626,0.000077,1.528092,0.000012,0.968238,0.000014,1.262501,0.000014
80,0.808719,0.001897,0.999307,-0.004711,1.976690,0.000009,1.975321,0.000007,2.355969,0.000007
81,0.444344,-0.000048,0.983247,0.001375,1.728610,0.000008,1.699650,0.000007,2.032526,0.000007
82,0.696668,-0.003029,0.700849,0.000441,2.134337,0.000009,1.495849,0.000010,1.906855,0.000010
83,0.488863,-0.000546,0.923537,0.011291,1.570405,0.000012,1.450326,0.000011,1.752737,0.000011
84,0.570587,0.000873,0.607391,0.000833,2.209030,0.000010,1.341746,0.000012,1.767136,0.000012
85,0.634478,0.002587,0.535093,0.000223,2.322416,0.000006,1.242709,0.000009,1.689934,0.000009
86,0.622847,-0.001230,0.301604,0.000768,1.525157,0.000009,0.459993,0.000018,0.753690,0.000018
87,0.642160,-0.004272,0.283883,0.001993,2.513930,0.000005,0.713661,0.000011,1.197765,0.000011
88,0.639550,0.000198,0.113418,0.001804,2.981172,0.000005,0.338118,0.000016,0.912198,0.000016
89,0.739257,-0.001304,0.253830,-0.005556,2.085646,0.000007,0.529400,0.000015,0.931030,0.000015
90,0.710552,-0.001315,0.795850,-0.001825,1.634180,0.000008,1.300562,0.000008,1.615253,0.000008
91,0.745427,-0.000254,0.250465,-0.000717,2.126218,0.000004,0.532542,0.000010,0.941985,0.000010
92,0.639602,-0.002558,0.109609,0.001884,1.809918,0.000004,0.198384,0.000012,0.546917,0.000012
93,0.461480,0.000118,0.986783,-0.003233,1.802908,0.000008,1.779080,0.000007,2.126263,0.000007
94,0.700327,0.001220,0.672013,0.007156,2.094902,0.000011,1.407801,0.000013,1.811213,0.000013
95,0.679414,0.002396,0.048080,-0.076158,1.752311,0.000014,0.084252,0.000057,0.421692,0.000057
96,0.500004,0.000443,0.256873,0.008294,1.534009,0.000006,0.394046,0.000014,0.689448,0.000014
97,0.541972,0.002617,0.925364,0.002088,1.984005,0.000007,1.835927,0.000006,2.217985,0.000006
98,0.569454,-0.000832,0.579012,-0.002281,2.164102,0.000010,1.253041,0.000013,1.669779,0.000013
99,0.502733,-0.001471,0.994049,-0.001122,1.956489,0.000005,1.944847,0.000004,2.321606,0.000004
100,0.697087,0.000506,0.866599,-0.003798,1.993532,0.000010,1.727593,0.000009,2.111485,0.000009
101,0.743446,-0.000449,0.464338,-0.003250,2.027247,0.000005,0.941327,0.000007,1.331711,0.000007
102,0.474655,-0.000596,0.251715,0.007189,2.065111,0.000009,0.519819,0.000020,0.917495,0.000020
103,0.604379,0.001036,0.158354,-0.000619,2.146251,0.000004,0.339867,0.000011,0.753167,0.000011
104,0.518812,-0.002117,0.240617,-0.000295,2.057165,0.000006,0.494989,0.000014,0.891134,0.000014
105,0.598885,-0.000657,0.677032,0.004942,1.955331,0.000009,1.323821,0.000010,1.700357,0.000010
106,0.536427,-0.000512,0.531916,-0.006441,2.307164,0.000007,1.227216,0.000010,1.671504,0.000010
107,0.627597,0.001046,0.919260,-0.003536,1.980453,0.000005,1.820551,0.000004,2.201924,0.000004
108,0.425128,0.000437,0.535321,0.002758,2.340685,0.000007,1.253019,0.000010,1.703761,0.000010
109,0.775127,-0.000139,0.862360,-0.000570,1.898288,0.000007,1.637008,0.000007,2.002558,0.000007
110,0.561416,0.001533,0.508684,0.001424,1.992772,0.000005,1.013692,0.000008,1.397437,0.000008
111,0.644133,-0.004641,0.705747,-0.002878,2.012270,0.000008,1.420153,0.000008,1.807653,0.000008
112,0.561108,0.000325,0.444707,-0.016146,2.299386,0.000010,1.022553,0.000015,1.465343,0.000015
113,0.663228,0.000176,0.583652,-0.001671,2.123917,0.000009,1.239628,0.000011,1.648627,0.000011
114,0.473594,-0.001276,0.895966,-0.002421,1.795382,0.000007,1.608601,0.000007,1.954335,0.000007
115,0.917715,0.002632,0.474827,-0.025604,2.042595,0.000018,0.969880,0.000027,1.363220,0.000027
116,0.523274,-0.000781,0.171085,0.011507,2.197652,0.000005,0.375985,0.000014,0.799184,0.000014
117,0.773861,-0.001054,0.889527,0.002004,1.997298,0.000010,1.776650,0.000009,2.161267,0.000009
118,0.526253,0.001515,0.646755,-0.000943,2.107633,0.000010,1.363122,0.000011,1.768986,0.000011
119,0.584875,-0.001425,0.743581,-0.002783,2.752798,0.000008,2.046927,0.000008,2.577030,0.000008
120,0.553506,-0.002211,0.998923,0.000108,3.005292,0.000004,3.002055,0.000003,3.580780,0.000003
121,0.588560,0.001805,0.421896,-0.000073,1.646993,0.000006,0.694859,0.000009,1.012018,0.000009
122,0.497728,-0.000418,0.303125,-0.003970,1.179923,0.000008,0.357664,0.000016,0.584880,0.000016
123,0.562604,-0.000506,0.613862,0.003081,1.519713,0.000009,0.932894,0.000011,1.225543,0.000011
124,0.877325,0.003152,0.460055,0.003043,2.125564,0.000008,0.977877,0.000013,1.387194,0.000013
125,0.752453,0.000138,0.999029,-0.001117,2.705555,0.000008,2.702928,0.000007,3.223933,0.000007
126,0.717139,-0.003730,0.682409,-0.003062,1.854317,0.000011,1.265402,0.000012,1.622485,0.000012
127,0.562785,-0.001806,0.471960,-0.002978,2.019565,0.000005,0.953153,0.000008,1.342057,0.000008
128,0.765831,0.004911,0.995220,-0.002328,1.842046,0.000011,1.833240,0.000009,2.187960,0.000009
129,0.659424,-0.002447,0.759154,-0.002349,1.754366,0.000011,1.331834,0.000012,1.669670,0.000012
130,0.674241,-0.002624,0.593452,0.003387,2.211114,0.000009,1.312191,0.000011,1.737982,0.000011
131,0.546159,-0.001479,0.832133,-0.001679,1.799940,0.000009,1.497790,0.000009,1.844402,0.000009
132,0.584764,-0.000617,0.677991,-0.001770,3.226765,0.000008,2.187717,0.000009,2.809091,0.000009
133,0.510049,0.000410,0.965397,0.000982,1.786891,0.000008,1.725058,0.000007,2.069157,0.000007
134,0.527524,0.000875,0.194692,-0.003374,2.590725,0.000006,0.504393,0.000014,1.003286,0.000014
135,0.464761,0.001869,0.265849,0.005236,2.099404,0.000009,0.558123,0.000019,0.962403,0.000019
136,0.498390,-0.000603,0.058640,-0.008780,1.611890,0.000004,0.094521,0.000017,0.404921,0.000017
137,0.434247,0.000170,0.928141,-0.002094,1.998428,0.000007,1.854824,0.000006,2.239659,0.000006
138,0.602996,0.000795,0.797852,-0.002901,2.108575,0.000006,1.682331,0.000006,2.088376,0.000006
139,0.748798,0.004319,0.896813,0.000599,2.180290,0.000007,1.955313,0.000006,2.375168,0.000006
140,0.572778,0.000327,0.593804,0.005550,4.737294,0.000006,2.813024,0.000008,3.725278,0.000008
141,0.937884,0.000253,0.341698,0.002041,2.366388,0.000007,0.808590,0.000013,1.264283,0.000013
142,0.771413,-0.000534,0.707488,-0.003483,1.608114,0.000006,1.137722,0.000007,1.447394,0.000007
143,0.590398,0.000052,0.998159,-0.000647,1.526559,0.000007,1.523748,0.000006,1.817715,0.000006
144,0.715254,-0.000523,0.621957,0.003003,1.585664,0.000012,0.986215,0.000015,1.291564,0.000015
145,0.654737,0.000242,0.489464,0.000630,3.390123,0.000007,1.659344,0.000011,2.312175,0.000011
146,0.808563,-0.000481,0.746284,-0.002865,3.959195,0.000005,2.954686,0.000005,3.717103,0.000005
147,0.774468,0.000487,0.329411,0.017515,2.184823,0.000007,0.719705,0.000014,1.140434,0.000014
148,0.491258,-0.001708,0.630602,0.003752,2.609000,0.000007,1.645241,0.000009,2.147652,0.000009
149,0.576901,-0.000705,0.600529,0.000633,1.916355,0.000009,1.150826,0.000011,1.519855,0.000011
150,0.720690,-0.001022,0.953612,0.001970,2.133894,0.000006,2.034907,0.000005,2.445828,0.000005
151,0.735689,0.000448,0.303276,0.002389,3.471242,0.000008,1.052746,0.000016,1.721198,0.000016
152,0.597884,0.002116,0.899472,0.003781,1.237413,0.000007,1.113018,0.000007,1.351305,0.000007
153,0.538840,0.004520,0.861936,0.006279,1.770875,0.000009,1.526381,0.000008,1.867396,0.000008
154,0.477175,0.002848,0.985834,0.001011,2.408330,0.000006,2.374214,0.000005,2.837983,0.000005
155,0.707479,-0.000531,0.629623,-0.001171,3.566264,0.000005,2.245401,0.000006,2.932152,0.000006
156,0.661078,0.000854,0.297800,0.001198,1.654131,0.000010,0.492600,0.000020,0.811133,0.000020
157,0.933331,-0.001631,0.719071,0.004082,1.964705,0.000009,1.412762,0.000010,1.791102,0.000010
158,0.876075,-0.000891,0.583399,-0.000997,1.539925,0.000013,0.898391,0.000016,1.194932,0.000016
159,0.505456,0.000279,0.908064,0.005164,1.272671,0.000010,1.155666,0.000009,1.400743,0.000009
160,0.569240,-0.001286,0.762417,0.008931,2.155910,0.000011,1.643702,0.000012,2.058863,0.000012
161,0.607328,-0.000815,0.447421,0.003387,2.464939,0.000007,1.102865,0.000011,1.577535,0.000011
162,0.570707,-0.001253,0.998618,-0.000381,1.525549,0.000007,1.523440,0.000006,1.817213,0.000006
163,0.698382,0.000115,0.814359,-0.002636,2.860828,0.000007,2.329740,0.000007,2.880646,0.000007
164,0.559194,-0.001090,0.451300,-0.005402,1.578510,0.000013,0.712381,0.000020,1.016353,0.000020
165,0.517863,0.002470,0.831910,0.008368,1.575372,0.000014,1.310567,0.000013,1.613935,0.000013
166,0.792028,-0.000049,0.906237,-0.006437,2.090123,0.000009,1.894147,0.000008,2.296639,0.000008
167,0.654615,0.001931,0.844572,0.000832,1.549486,0.000010,1.308653,0.000010,1.607035,0.000010
168,0.534184,-0.001535,0.943029,-0.006544,1.357937,0.000014,1.280574,0.000012,1.542070,0.000012
169,0.724609,0.000244,0.667849,-0.004757,1.823628,0.000009,1.217909,0.000010,1.569082,0.000010
170,1.020666,-0.001343,0.460639,0.006034,2.739426,0.000006,1.261886,0.000009,1.789413,0.000009
171,0.532367,-0.003375,0.694911,0.001334,1.496132,0.000010,1.039679,0.000011,1.327788,0.000011
172,0.577352,0.002939,0.682700,-0.002259,2.122582,0.000007,1.449086,0.000008,1.857829,0.000008
173,0.417926,0.000927,0.155037,-0.008382,1.391937,0.000007,0.215802,0.000020,0.483845,0.000020
174,0.629761,0.000954,0.876883,-0.005287,1.613211,0.000011,1.414597,0.000010,1.725251,0.000010
175,0.742926,0.000127,0.875298,-0.003018,2.616457,0.000010,2.290180,0.000009,2.794027,0.000009
176,0.510616,0.000250,0.822645,-0.002157,1.806047,0.000008,1.485736,0.000008,1.833524,0.000008
177,0.470217,0.003438,0.976520,0.002114,1.828906,0.000006,1.785963,0.000005,2.138153,0.000005
178,0.702950,0.001261,0.998597,0.005202,2.075664,0.000007,2.072752,0.000006,2.472460,0.000006
179,0.677718,0.001345,0.996861,-0.008316,1.752508,0.000008,1.747006,0.000007,2.084484,0.000007
180,0.523813,0.000224,0.357316,0.001422,2.523922,0.000009,0.901837,0.000016,1.387866,0.000016
181,0.719420,-0.001967,0.281080,0.007215,4.821680,0.000004,1.355276,0.000009,2.283780,0.000009
182,0.602546,0.000278,0.999645,-0.006686,2.521170,0.000014,2.520275,0.000012,3.005773,0.000012
183,0.474624,-0.000380,0.757235,-0.000921,2.360977,0.000005,1.787814,0.000005,2.242464,0.000005
184,0.582800,0.002526,0.080084,-0.013686,2.260124,0.000006,0.180999,0.000023,0.616228,0.000023
185,0.517286,-0.000586,0.511718,0.011093,1.809471,0.000012,0.925938,0.000016,1.274385,0.000016
186,0.648463,0.001408,0.348917,-0.002640,1.710711,0.000008,0.596895,0.000014,0.926325,0.000014
187,0.617053,-0.002804,0.888508,0.003433,2.403917,0.000007,2.135900,0.000007,2.598819,0.000007
188,0.563348,0.000973,0.878964,0.003315,2.129870,0.000006,1.872079,0.000006,2.282225,0.000006
189,0.534356,0.000980,0.700068,0.000862,1.852169,0.000006,1.296645,0.000007,1.653314,0.000007
190,0.834229,0.000860,0.225894,-0.005238,1.586778,0.000006,0.358443,0.000014,0.664007,0.000014
191,0.592997,-0.001315,0.617167,-0.007849,2.337605,0.000006,1.442693,0.000008,1.892843,0.000008

===== block_3 =====
c,freq_fgconv_scalar,freq_fgconv_grad,gate_fgconv,gate_fgconv_grad,z_fgconv_energy,z_fgconv_grad_energy,pure_gated_fgconv_energy,pure_gated_fgconv_grad_energy,y_fgconv_energy,y_fgconv_grad_energy
0,0.705969,-0.002164,0.512285,-0.006260,2.090328,0.000013,1.070844,0.000018,1.495703,0.000018
1,0.507279,-0.003020,0.991157,-0.000694,3.706150,0.000008,3.673375,0.000006,4.426650,0.000006
2,0.798731,-0.000200,0.085163,0.004828,1.984227,0.000004,0.168983,0.000014,0.572277,0.000014
3,0.735494,-0.000903,0.392847,0.019481,2.385524,0.000009,0.937145,0.000016,1.422002,0.000016
4,0.580100,0.002440,0.522452,-0.007629,1.920955,0.000009,1.003608,0.000012,1.394041,0.000012
5,0.669479,-0.004451,0.054604,0.003992,1.852588,0.000005,0.101158,0.000019,0.477696,0.000019
6,0.621493,-0.000904,0.999848,0.005223,2.473807,0.000010,2.473430,0.000008,2.976231,0.000008
7,0.817610,-0.001805,0.291536,0.003377,2.180959,0.000007,0.635827,0.000013,1.079107,0.000013
8,0.757792,-0.000855,0.709440,-0.001098,2.254871,0.000007,1.599697,0.000008,2.057999,0.000008
9,0.460333,-0.001851,0.533509,0.000422,2.159644,0.000005,1.152189,0.000006,1.591136,0.000006
10,0.513502,0.001756,0.363248,0.011591,2.350174,0.000007,0.853695,0.000013,1.331368,0.000013
11,0.827753,0.002225,0.738309,0.000657,2.557261,0.000007,1.888048,0.000007,2.407811,0.000007
12,0.528727,0.002092,0.437073,0.001638,1.658465,0.000006,0.724870,0.000009,1.061952,0.000009
13,0.547468,-0.003059,0.963161,-0.016568,1.549307,0.000016,1.492231,0.000013,1.807128,0.000013
14,0.468791,0.000117,0.995501,0.000830,2.221545,0.000007,2.211551,0.000005,2.663079,0.000005
15,0.599238,0.000672,0.434784,0.001703,2.266560,0.000006,0.985464,0.000010,1.446141,0.000010
16,0.725041,-0.000269,0.322051,-0.002671,2.196090,0.000006,0.707253,0.000011,1.153608,0.000011
17,0.557850,-0.000508,0.937127,0.001079,2.109767,0.000007,1.977120,0.000006,2.405931,0.000006
18,0.573906,-0.000402,0.230944,0.008495,2.160084,0.000009,0.498859,0.000020,0.937896,0.000020
19,0.628480,-0.001600,0.943736,0.000152,2.668664,0.000005,2.518515,0.000005,3.060920,0.000005
20,0.501481,-0.003378,0.982051,0.001523,2.425912,0.000009,2.382370,0.000007,2.875437,0.000007
21,0.822116,0.002500,0.980954,0.002229,2.507545,0.000005,2.459786,0.000005,2.969444,0.000005
22,0.696640,0.000115,0.230888,0.001267,2.461598,0.000003,0.568352,0.000006,1.068672,0.000006
23,0.648446,-0.002204,0.519972,0.004977,2.182849,0.000006,1.135020,0.000008,1.578683,0.000008
24,0.500563,-0.000233,0.483489,0.001410,1.604271,0.000007,0.775648,0.000010,1.101716,0.000010
25,0.571397,-0.000181,0.217305,-0.004890,2.212160,0.000007,0.480714,0.000016,0.930335,0.000016
26,0.734290,0.000717,0.791835,0.009922,2.055521,0.000013,1.627633,0.000013,2.045417,0.000013
27,0.607142,0.003058,0.829784,-0.000895,4.097238,0.000005,3.399820,0.000005,4.232583,0.000005
28,0.685783,0.000647,0.642733,0.002903,1.999321,0.000004,1.285030,0.000005,1.691391,0.000005
29,0.646511,-0.002054,0.337793,0.019347,2.071121,0.000009,0.699610,0.000017,1.120565,0.000017
30,0.983742,0.000452,0.995516,0.004906,2.834885,0.000006,2.822172,0.000005,3.398362,0.000005
31,0.564241,0.000334,0.087981,0.007250,2.584752,0.000004,0.227408,0.000013,0.752758,0.000013
32,0.563595,0.001005,0.954430,-0.006656,2.680764,0.000010,2.558601,0.000009,3.103466,0.000009
33,0.656088,-0.000187,0.769862,-0.001039,2.155609,0.000010,1.659522,0.000010,2.097649,0.000010
34,0.770732,0.001374,0.179720,0.006586,1.652283,0.000006,0.296949,0.000017,0.632775,0.000017
35,0.504973,-0.000817,0.651129,-0.001247,1.846101,0.000009,1.202050,0.000011,1.577270,0.000011
36,0.405449,0.000939,0.095451,0.003237,1.957160,0.000006,0.186813,0.000021,0.584605,0.000021
37,0.542736,-0.001195,0.423912,-0.000378,2.256889,0.000006,0.956721,0.000010,1.415434,0.000010
38,0.831145,-0.001804,0.303870,0.005041,1.799177,0.000008,0.546717,0.000015,0.912399,0.000015
39,0.551374,0.000438,0.035641,0.013194,1.634922,0.000010,0.058270,0.000041,0.390568,0.000041
40,0.612900,0.001121,0.529773,0.001736,1.951221,0.000006,1.033703,0.000008,1.430289,0.000008
41,0.706707,-0.000947,0.000959,0.017118,1.796835,0.000009,0.001722,0.000045,0.366929,0.000045
42,0.810309,-0.001511,0.137149,0.017514,2.024407,0.000008,0.277646,0.000024,0.689107,0.000024
43,0.527575,-0.002538,0.999268,0.002101,2.408185,0.000008,2.406421,0.000007,2.895885,0.000007
44,0.632253,0.000530,0.999287,0.000825,1.666638,0.000007,1.665449,0.000006,2.004193,0.000006
45,0.604947,0.001846,0.490695,0.005956,2.058392,0.000007,1.010042,0.000010,1.428410,0.000010
46,0.643077,0.000747,0.805748,0.002804,1.676640,0.000008,1.350948,0.000008,1.691725,0.000008
47,0.651270,-0.000073,0.963995,-0.000862,1.900343,0.000006,1.831921,0.000005,2.218166,0.000005
48,0.555504,-0.000977,0.605415,0.001418,1.520066,0.000012,0.920271,0.000014,1.229224,0.000014
49,0.624543,-0.000979,0.991797,0.002458,2.104652,0.000004,2.087387,0.000004,2.515157,0.000004
50,0.411361,0.002902,0.832830,0.004118,2.832276,0.000006,2.358805,0.000006,2.934465,0.000006
51,0.571464,-0.001995,0.954503,-0.002674,2.429722,0.000006,2.319178,0.000005,2.813019,0.000005
52,0.803404,-0.004773,0.876453,0.005504,2.673201,0.000005,2.342934,0.000005,2.886261,0.000005
53,0.694597,0.001827,0.339459,-0.014806,1.766592,0.000009,0.599686,0.000016,0.958745,0.000016
54,0.575480,-0.002334,0.577903,-0.003149,2.053237,0.000007,1.186572,0.000009,1.603892,0.000009
55,0.558207,-0.002703,0.590082,0.002313,2.342011,0.000013,1.381980,0.000016,1.857993,0.000016
56,0.621213,0.001840,0.457185,-0.001081,2.987960,0.000007,1.366052,0.000010,1.973354,0.000010
57,0.508129,0.000794,0.999325,-0.002400,2.927848,0.000004,2.925870,0.000003,3.520955,0.000003
58,0.901775,0.000365,0.629947,0.000561,2.576799,0.000005,1.623246,0.000006,2.146980,0.000006
59,0.450534,0.002770,0.530531,-0.010844,2.522943,0.000005,1.338501,0.000007,1.851289,0.000007
60,0.532113,-0.001383,0.448788,0.002439,2.860275,0.000010,1.283657,0.000016,1.865008,0.000016
61,0.574615,-0.002659,0.751960,-0.004407,3.077806,0.000009,2.314387,0.000009,2.939951,0.000009
62,0.650674,0.001890,0.166873,-0.006012,2.230985,0.000010,0.372291,0.000027,0.825738,0.000027
63,0.959598,-0.001620,0.371340,0.005837,2.561675,0.000008,0.951251,0.000013,1.471911,0.000013
64,0.453873,0.002735,0.471079,-0.004354,1.921894,0.000005,0.905364,0.000007,1.295988,0.000007
65,0.475971,0.000390,0.502614,-0.007498,2.545434,0.000005,1.279369,0.000007,1.796728,0.000007
66,0.467357,-0.001423,0.403645,-0.004298,1.489581,0.000007,0.601262,0.000012,0.904019,0.000012
67,0.445675,-0.001068,0.272840,0.009670,1.518502,0.000009,0.414309,0.000019,0.722944,0.000019
68,0.656111,-0.001431,0.543159,0.003200,1.627211,0.000006,0.883834,0.000008,1.214565,0.000008
69,0.705021,0.001018,0.980174,0.006101,1.983691,0.000009,1.944362,0.000008,2.347547,0.000008
70,0.615077,-0.000538,0.988308,0.003221,4.035465,0.000009,3.988284,0.000008,4.808491,0.000008
71,0.457325,0.000487,0.688671,-0.004359,2.280478,0.000004,1.570498,0.000004,2.034005,0.000004
72,0.523472,-0.000213,0.292124,-0.006124,1.873515,0.000005,0.547298,0.000010,0.928090,0.000010
73,0.762233,-0.000029,0.972839,0.002069,3.087712,0.000008,3.003849,0.000007,3.631425,0.000007
74,0.742252,0.002343,0.244534,-0.002400,3.037406,0.000008,0.742748,0.000019,1.360101,0.000019
75,0.663763,-0.002904,0.742334,-0.000170,1.955567,0.000008,1.451684,0.000009,1.849152,0.000009
76,0.455291,0.003939,0.207496,0.004798,2.056517,0.000006,0.426718,0.000014,0.844705,0.000014
77,0.803730,-0.001783,0.920560,-0.002320,2.481736,0.000007,2.284588,0.000007,2.789001,0.000007
78,0.568991,0.000554,0.231206,-0.011115,2.803277,0.000006,0.648136,0.000015,1.217901,0.000015
79,0.464962,0.004782,0.514502,-0.002457,2.982199,0.000010,1.534347,0.000014,2.140479,0.000014
80,0.808719,-0.003771,0.626227,0.001848,2.248707,0.000007,1.408202,0.000009,1.865251,0.000009
81,0.444344,-0.002613,0.843130,-0.000212,2.546311,0.000008,2.146870,0.000008,2.664407,0.000008
82,0.696668,0.001641,0.488053,-0.016571,2.568802,0.000009,1.253711,0.000013,1.775819,0.000013
83,0.488863,-0.001520,0.999162,-0.001583,2.328305,0.000007,2.326355,0.000006,2.799582,0.000006
84,0.570587,0.000959,0.298146,-0.003207,1.212621,0.000007,0.361538,0.000014,0.608003,0.000014
85,0.634478,0.001122,0.707774,-0.004442,2.083436,0.000005,1.474602,0.000006,1.898060,0.000006
86,0.622847,-0.002355,0.181677,-0.023822,1.637909,0.000009,0.297570,0.000024,0.630474,0.000024
87,0.642160,-0.004439,0.567936,-0.005872,2.388009,0.000011,1.356237,0.000014,1.841599,0.000014
88,0.639550,0.001608,0.781250,-0.003273,1.875710,0.000008,1.465397,0.000008,1.846635,0.000008
89,0.739257,-0.001379,0.742854,-0.002917,2.267007,0.000006,1.684056,0.000006,2.144825,0.000006
90,0.710552,-0.001367,0.404963,-0.006625,1.939131,0.000008,0.785276,0.000013,1.179404,0.000013
91,0.745427,-0.001408,0.745801,-0.003992,2.130146,0.000007,1.588665,0.000007,2.021617,0.000007
92,0.639602,0.001144,0.789704,0.006527,1.712995,0.000008,1.352759,0.000008,1.700925,0.000008
93,0.461480,-0.001750,0.997936,-0.001223,2.497970,0.000005,2.492815,0.000004,3.000527,0.000004
94,0.700327,-0.001464,0.776717,-0.002110,3.466547,0.000005,2.692526,0.000006,3.397100,0.000006
95,0.679414,0.001193,0.862553,0.001606,3.035424,0.000008,2.618216,0.000007,3.235165,0.000007
96,0.500004,-0.001343,0.800772,0.001031,2.696220,0.000008,2.159057,0.000008,2.707063,0.000008
97,0.541972,0.003044,0.998719,-0.002778,2.129687,0.000006,2.126960,0.000005,2.559818,0.000005
98,0.569454,-0.002259,0.226362,-0.002346,4.361711,0.000007,0.987327,0.000017,1.873844,0.000017
99,0.502733,-0.001486,0.134461,0.007095,2.498330,0.000005,0.335928,0.000016,0.843713,0.000016
100,0.697087,0.001026,0.289230,-0.004084,2.523356,0.000007,0.729831,0.000014,1.242703,0.000014
101,0.743446,0.002353,0.153106,-0.003343,2.002819,0.000007,0.306644,0.000020,0.713717,0.000020
102,0.474655,-0.000016,0.780704,-0.008111,2.741852,0.000012,2.140575,0.000012,2.697856,0.000012
103,0.604379,-0.005457,0.318095,-0.006665,2.166224,0.000009,0.689066,0.000017,1.129350,0.000017
104,0.518812,0.001238,0.597001,0.003023,2.496774,0.000011,1.490578,0.000014,1.998047,0.000014
105,0.598885,0.002642,0.703414,-0.011443,1.453100,0.000016,1.022131,0.000017,1.317473,0.000017
106,0.536427,0.000637,0.090697,0.005974,2.866857,0.000010,0.260016,0.000034,0.842705,0.000034
107,0.627597,0.003955,0.827172,0.007811,3.122955,0.000008,2.583221,0.000007,3.217961,0.000007
108,0.425128,-0.000161,0.999954,-0.005458,3.214552,0.000006,3.214402,0.000005,3.867759,0.000005
109,0.775127,0.001481,0.133131,0.002109,2.169863,0.000006,0.288876,0.000016,0.729901,0.000016
110,0.561416,0.001320,0.483228,0.004387,2.054339,0.000007,0.992714,0.000010,1.410258,0.000010
111,0.644133,0.001325,0.195845,0.000440,1.910172,0.000005,0.374097,0.000013,0.762339,0.000013
112,0.561108,0.000495,0.826167,0.004825,2.505721,0.000014,2.070143,0.000014,2.579431,0.000014
113,0.663228,0.000177,0.174322,-0.006332,1.940655,0.000008,0.338298,0.000021,0.732736,0.000021
114,0.473594,0.004724,0.000550,-0.003864,2.168915,0.000007,0.001192,0.000035,0.442024,0.000035
115,0.917715,0.001398,0.507583,-0.000532,1.754106,0.000007,0.890355,0.000009,1.246877,0.000009
116,0.523274,-0.000230,0.089782,-0.012609,2.167780,0.000008,0.194627,0.000027,0.635228,0.000027
117,0.773861,0.000276,0.413965,0.001336,2.235981,0.000007,0.925617,0.000011,1.380080,0.000011
118,0.526253,0.002201,0.616727,-0.000083,1.698023,0.000004,1.047216,0.000005,1.392339,0.000005
119,0.584875,0.000421,0.197508,0.007879,1.858494,0.000007,0.367068,0.000017,0.744807,0.000017
120,0.553506,0.002308,0.999149,-0.002787,1.856649,0.000006,1.855070,0.000005,2.232434,0.000005
121,0.588560,0.002253,0.714614,0.009874,2.175641,0.000012,1.554743,0.000014,1.996941,0.000014
122,0.497728,-0.002471,0.135230,0.007943,2.844840,0.000004,0.384709,0.000012,0.962922,0.000012
123,0.562604,0.000207,0.009670,-0.010870,2.312218,0.000004,0.022358,0.000020,0.492316,0.000020
124,0.877325,-0.000002,0.904604,-0.007765,1.422352,0.000009,1.286665,0.000008,1.575758,0.000008
125,0.752453,0.001638,0.886876,0.001275,1.542456,0.000007,1.367967,0.000007,1.681471,0.000007
126,0.717139,-0.000224,0.667868,-0.005726,2.691692,0.000009,1.797696,0.000011,2.344782,0.000011
127,0.562785,-0.003690,0.988451,-0.001744,4.784633,0.000004,4.729374,0.000003,5.701850,0.000003
128,0.765831,0.001088,0.957621,-0.000353,2.395093,0.000002,2.293591,0.000002,2.780394,0.000002
129,0.659424,-0.001317,0.975558,-0.001811,2.400733,0.000006,2.342053,0.000005,2.830002,0.000005
130,0.674241,-0.000201,0.367948,-0.002023,2.129651,0.000008,0.783600,0.000015,1.216451,0.000015
131,0.546159,-0.003714,0.091951,-0.006914,2.340941,0.000006,0.215252,0.000021,0.691048,0.000021
132,0.584764,-0.002091,0.860168,0.002953,2.314944,0.000007,1.991240,0.000006,2.461752,0.000006
133,0.510049,0.000625,0.325468,0.016475,1.893550,0.000006,0.616291,0.000011,1.001154,0.000011
134,0.527524,0.001557,0.375429,0.006723,1.644474,0.000006,0.617384,0.000011,0.951623,0.000011
135,0.464761,0.001068,0.195025,0.005015,1.799450,0.000005,0.350938,0.000013,0.716676,0.000013
136,0.498390,0.004424,0.742121,0.002530,2.788733,0.000005,2.069578,0.000005,2.636388,0.000005
137,0.434247,0.001420,0.538672,0.000319,1.735452,0.000004,0.934840,0.000005,1.287571,0.000005
138,0.602996,0.000652,0.093883,0.000530,2.342648,0.000009,0.219935,0.000029,0.696078,0.000029
139,0.748798,0.000006,0.995351,0.002667,5.232940,0.000005,5.208611,0.000004,6.272205,0.000004
140,0.572778,-0.000010,0.798338,0.000333,2.424354,0.000002,1.935453,0.000002,2.428203,0.000002
141,0.937884,0.002798,0.475320,-0.000633,2.884847,0.000007,1.371225,0.000010,1.957570,0.000010
142,0.771413,-0.002467,0.711204,0.004432,1.603726,0.000006,1.140576,0.000007,1.466533,0.000007
143,0.590398,0.000517,0.982926,0.000239,2.227103,0.000006,2.189077,0.000005,2.641735,0.000005
144,0.715254,0.000203,0.384618,-0.006140,1.558751,0.000008,0.599524,0.000014,0.916340,0.000014
145,0.654737,-0.001877,0.795460,0.003447,1.666465,0.000006,1.325606,0.000006,1.664315,0.000006
146,0.808563,-0.000704,0.738122,0.008197,1.863326,0.000009,1.375361,0.000009,1.754082,0.000009
147,0.774468,0.000687,0.547105,0.015325,2.893665,0.000010,1.583140,0.000013,2.171277,0.000013
148,0.491258,-0.000307,0.998844,-0.001798,1.749436,0.000006,1.747414,0.000005,2.102987,0.000005
149,0.576901,0.002157,0.838632,0.009079,1.740188,0.000008,1.459377,0.000008,1.813070,0.000008
150,0.720690,-0.002937,0.422567,-0.000494,1.809930,0.000006,0.764817,0.000010,1.132685,0.000010
151,0.735689,-0.000358,0.787521,0.000353,2.100013,0.000005,1.653804,0.000005,2.080631,0.000005
152,0.597884,-0.000388,0.193567,0.006243,1.090441,0.000006,0.211073,0.000015,0.432705,0.000015
153,0.538840,-0.000801,0.931365,-0.000347,4.009795,0.000003,3.734584,0.000003,4.549574,0.000003
154,0.477175,0.000975,0.966719,0.001269,2.791265,0.000002,2.698371,0.000002,3.265695,0.000002
155,0.707479,0.001231,0.808940,-0.000176,2.412981,0.000007,1.951957,0.000007,2.442395,0.000007
156,0.661078,0.003432,0.711395,0.002108,2.010949,0.000006,1.430578,0.000006,1.839303,0.000006
157,0.933331,-0.000645,0.858347,0.007480,1.953852,0.000008,1.677083,0.000008,2.074203,0.000008
158,0.876075,0.002783,0.979039,0.003174,1.793441,0.000011,1.755848,0.000009,2.120365,0.000009
159,0.505456,-0.000516,0.794277,0.007608,3.349560,0.000008,2.660478,0.000008,3.341276,0.000008
160,0.569240,-0.002373,0.820473,0.000630,2.300117,0.000006,1.887183,0.000005,2.354681,0.000005
161,0.607328,0.000539,0.000355,0.004150,3.608770,0.000004,0.001279,0.000022,0.734761,0.000022
162,0.570707,-0.000216,0.739750,0.007324,2.039795,0.000011,1.508938,0.000012,1.923526,0.000012
163,0.698382,0.002831,0.995900,0.000146,1.810627,0.000009,1.803204,0.000007,2.171214,0.000007
164,0.559194,0.000131,0.804863,0.002905,2.032904,0.000006,1.636209,0.000006,2.049396,0.000006
165,0.517863,-0.003630,0.623450,-0.014773,2.085384,0.000013,1.300132,0.000016,1.723986,0.000016
166,0.792028,0.002360,0.999923,-0.002889,2.724292,0.000010,2.724081,0.000008,3.277793,0.000008
167,0.654615,0.006329,0.807838,0.003584,2.518971,0.000004,2.034920,0.000004,2.546901,0.000004
168,0.534184,0.000149,0.794013,-0.002231,2.403164,0.000006,1.908144,0.000006,2.396587,0.000006
169,0.724609,-0.002724,0.035459,-0.012466,1.650095,0.000006,0.058511,0.000026,0.393893,0.000026
170,1.020666,-0.001173,0.250462,-0.025463,3.181736,0.000006,0.796905,0.000013,1.443593,0.000013
171,0.532367,-0.002101,0.667464,0.004147,2.208654,0.000009,1.474197,0.000011,1.923106,0.000011
172,0.577352,0.001133,0.999053,0.003117,3.590549,0.000008,3.587149,0.000006,4.316928,0.000006
173,0.417926,0.001671,0.236008,0.005132,2.182325,0.000006,0.515046,0.000014,0.958603,0.000014
174,0.629761,-0.000107,0.601892,0.005937,1.567482,0.000007,0.943455,0.000009,1.262045,0.000009
175,0.742926,-0.002826,0.070091,0.002731,1.971224,0.000008,0.138164,0.000030,0.538815,0.000030
176,0.510616,0.002661,0.473470,-0.003657,1.521982,0.000008,0.720612,0.000012,1.029954,0.000012
177,0.470217,0.000455,0.240468,0.009525,1.890599,0.000006,0.454629,0.000015,0.838893,0.000015
178,0.702950,0.000505,0.142147,-0.008049,1.941377,0.000005,0.275961,0.000015,0.670546,0.000015
179,0.677718,-0.003228,0.655985,-0.001593,3.224509,0.000005,2.115228,0.000006,2.770609,0.000006
180,0.523813,0.004214,0.382938,0.000451,2.494729,0.000006,0.955328,0.000011,1.462381,0.000011
181,0.719420,0.000551,0.042795,-0.004329,1.855872,0.000011,0.079422,0.000044,0.456627,0.000044
182,0.602546,0.003022,0.371189,0.000638,1.995788,0.000006,0.740815,0.000010,1.146459,0.000010
183,0.474624,0.005861,0.063143,-0.015763,1.840966,0.000006,0.116244,0.000021,0.490420,0.000021
184,0.582800,0.002026,0.478238,0.008522,2.661722,0.000006,1.272938,0.000009,1.813933,0.000009
185,0.517286,0.005503,0.031511,0.019253,1.917475,0.000008,0.060421,0.000033,0.450148,0.000033
186,0.648463,0.000805,0.652917,0.011292,1.298988,0.000007,0.848131,0.000008,1.112150,0.000008
187,0.617053,-0.000307,0.538761,-0.004293,2.271521,0.000008,1.223808,0.000011,1.685494,0.000011
188,0.563348,0.001418,0.127143,0.018043,1.486792,0.000007,0.189036,0.000021,0.491226,0.000021
189,0.534356,0.000753,0.998064,0.006789,2.101474,0.000010,2.097405,0.000008,2.524530,0.000008
190,0.834229,0.000795,0.066874,0.051501,2.481492,0.000006,0.165948,0.000022,0.670311,0.000022
191,0.592997,-0.001630,0.903141,0.006962,1.933546,0.000007,1.746265,0.000006,2.139258,0.000006

===== block_4 =====
c,freq_fgconv_scalar,freq_fgconv_grad,gate_fgconv,gate_fgconv_grad,z_fgconv_energy,z_fgconv_grad_energy,pure_gated_fgconv_energy,pure_gated_fgconv_grad_energy,y_fgconv_energy,y_fgconv_grad_energy
0,0.705969,-0.004164,0.977056,0.002175,1.938397,0.000008,1.893922,0.000007,2.230134,0.000007
1,0.507279,0.000314,0.000558,-0.016364,4.335350,0.000004,0.002420,0.000025,0.754380,0.000025
2,0.798731,0.000469,0.751439,-0.002666,1.780988,0.000008,1.338303,0.000009,1.647213,0.000009
3,0.735494,-0.001733,0.695672,-0.002319,4.556021,0.000006,3.169497,0.000007,3.959732,0.000007
4,0.580100,0.001334,0.999015,0.002249,1.883234,0.000009,1.881378,0.000007,2.208022,0.000007
5,0.669479,-0.001595,0.787621,-0.003231,2.220878,0.000007,1.749210,0.000007,2.134418,0.000007
6,0.621493,0.002479,0.083940,0.002646,2.111869,0.000006,0.177271,0.000024,0.543572,0.000024
7,0.817610,-0.000702,0.088477,0.005577,2.644801,0.000005,0.234005,0.000020,0.692742,0.000020
8,0.757792,-0.000332,0.335644,0.008422,2.201373,0.000005,0.738877,0.000010,1.120702,0.000010
9,0.460333,0.001123,0.712966,0.000946,3.333804,0.000005,2.376888,0.000006,2.955132,0.000006
10,0.513502,0.002357,0.208003,0.003458,2.111646,0.000006,0.439229,0.000017,0.805491,0.000017
11,0.827753,-0.001851,0.003606,0.036902,2.749380,0.000006,0.009915,0.000034,0.486791,0.000034
12,0.528727,0.000311,0.929344,-0.001752,2.042842,0.000007,1.898503,0.000007,2.252831,0.000007
13,0.547468,0.000571,0.999917,0.012205,2.295193,0.000011,2.295002,0.000010,2.693100,0.000010
14,0.468791,0.003167,0.858063,-0.012938,1.536318,0.000012,1.318258,0.000011,1.584730,0.000011
15,0.599238,0.002284,0.445214,0.009496,2.825144,0.000012,1.257795,0.000020,1.747812,0.000020
16,0.725041,-0.001037,0.347933,-0.009818,2.205506,0.000007,0.767369,0.000013,1.149911,0.000013
17,0.557850,0.001837,0.259597,0.002422,3.336824,0.000007,0.866230,0.000016,1.444998,0.000016
18,0.573906,-0.002895,0.704798,-0.002730,2.563963,0.000006,1.807077,0.000007,2.251792,0.000007
19,0.628480,-0.000567,0.001191,-0.032892,1.939786,0.000008,0.002311,0.000044,0.338764,0.000044
20,0.501481,-0.001786,0.491560,0.000545,3.164594,0.000007,1.555587,0.000010,2.104482,0.000010
21,0.822116,-0.001034,0.216465,-0.000512,2.423913,0.000006,0.524692,0.000015,0.945117,0.000015
22,0.696640,0.000301,0.765901,0.004390,1.553599,0.000009,1.189902,0.000010,1.459372,0.000010
23,0.648446,0.001185,0.410478,-0.002153,2.907852,0.000005,1.193609,0.000009,1.697972,0.000009
24,0.500563,0.005023,0.588308,0.004461,3.242475,0.000005,1.907575,0.000007,2.469978,0.000007
25,0.571397,0.005167,0.989232,-0.000520,2.362859,0.000005,2.337417,0.000004,2.747252,0.000004
26,0.734290,0.001029,0.627954,0.013047,2.478704,0.000010,1.556513,0.000012,1.986440,0.000012
27,0.607142,0.000694,0.003908,-0.038008,1.980793,0.000006,0.007740,0.000036,0.351306,0.000036
28,0.685783,-0.000862,0.998404,0.008405,1.522859,0.000009,1.520430,0.000008,1.784568,0.000008
29,0.646511,-0.000766,0.172104,-0.000754,2.901512,0.000004,0.499362,0.000012,1.002625,0.000012
30,0.983742,-0.001244,0.085592,0.004056,2.844410,0.000003,0.243458,0.000013,0.736817,0.000013
31,0.564241,-0.000060,0.876267,-0.001876,2.008025,0.000007,1.759565,0.000007,2.107855,0.000007
32,0.563595,0.001969,0.626779,-0.003027,1.862597,0.000008,1.167438,0.000011,1.490502,0.000011
33,0.656088,0.001997,0.079455,0.005437,2.581040,0.000006,0.205075,0.000023,0.652753,0.000023
34,0.770732,-0.000442,0.366974,0.005826,2.046355,0.000005,0.750960,0.000010,1.105897,0.000010
35,0.504973,-0.001434,0.266795,0.008537,3.036663,0.000006,0.810166,0.000013,1.336871,0.000013
36,0.405449,0.002054,0.628887,-0.000182,2.399821,0.000006,1.509216,0.000007,1.925462,0.000007
37,0.542736,-0.000971,0.989061,-0.005404,3.708663,0.000009,3.668093,0.000007,4.311355,0.000007
38,0.831145,-0.004981,0.882115,0.004729,2.848740,0.000005,2.512917,0.000005,3.007027,0.000005
39,0.551374,0.000787,0.912046,-0.002258,6.171902,0.000005,5.629057,0.000004,6.699565,0.000004
40,0.612900,0.003895,0.812866,0.001475,2.479786,0.000005,2.015734,0.000005,2.445849,0.000005
41,0.706707,-0.000319,0.522419,-0.004617,1.815695,0.000007,0.948553,0.000009,1.263483,0.000009
42,0.810309,-0.003666,0.956663,0.002245,5.288855,0.000004,5.059653,0.000003,5.976998,0.000003
43,0.527575,-0.000107,0.097252,0.000045,2.486934,0.000004,0.241860,0.000015,0.673215,0.000015
44,0.632253,0.001603,0.955081,-0.005715,2.153517,0.000008,2.056783,0.000007,2.430307,0.000007
45,0.604947,0.000351,0.014146,0.010261,2.212923,0.000006,0.031304,0.000030,0.415132,0.000030
46,0.643077,0.001520,0.722826,0.003267,2.067121,0.000008,1.494169,0.000009,1.852708,0.000009
47,0.651270,-0.000455,0.086949,0.018702,2.053913,0.000006,0.178585,0.000023,0.534834,0.000023
48,0.555504,-0.000147,0.998774,-0.000592,2.285840,0.000006,2.283037,0.000005,2.679513,0.000005
49,0.624543,-0.001290,0.096137,-0.011529,2.633893,0.000007,0.253215,0.000026,0.710060,0.000026
50,0.411361,0.005294,0.712360,0.009133,2.145157,0.000007,1.528124,0.000008,1.900198,0.000008
51,0.571464,-0.001148,0.155877,-0.014673,2.954312,0.000007,0.460508,0.000022,0.972930,0.000022
52,0.803404,-0.001936,0.874891,0.013119,2.286317,0.000009,2.000279,0.000009,2.396838,0.000009
53,0.694597,-0.001260,0.515667,-0.007524,2.138056,0.000007,1.102526,0.000010,1.473369,0.000010
54,0.575480,-0.002620,0.577718,0.002344,1.994107,0.000006,1.152032,0.000008,1.497908,0.000008
55,0.558207,-0.000104,0.888632,-0.002947,5.027265,0.000008,4.467387,0.000008,5.339359,0.000008
56,0.621213,0.000062,0.965829,0.005779,2.003615,0.000008,1.935149,0.000007,2.282673,0.000007
57,0.508129,0.001256,0.398377,-0.000711,3.873210,0.000008,1.543000,0.000014,2.214803,0.000014
58,0.901775,0.000704,0.052890,0.015291,1.584321,0.000006,0.083795,0.000027,0.358593,0.000027
59,0.450534,0.005759,0.000125,-0.091122,3.281582,0.000009,0.000410,0.000050,0.569596,0.000050
60,0.532113,-0.001117,0.086222,0.005116,2.501597,0.000005,0.215692,0.000020,0.649591,0.000020
61,0.574615,0.001337,0.991890,-0.001573,3.538432,0.000008,3.509734,0.000007,4.123470,0.000007
62,0.650674,-0.000434,0.775692,-0.003940,2.364701,0.000008,1.834279,0.000009,2.244433,0.000009
63,0.959598,-0.003317,0.197214,-0.036194,2.046685,0.000010,0.403636,0.000027,0.758631,0.000027
64,0.453873,0.000632,0.428846,0.004276,4.264931,0.000006,1.829000,0.000009,2.568746,0.000009
65,0.475971,0.000265,0.995979,0.001414,3.742209,0.000005,3.727161,0.000004,4.376242,0.000004
66,0.467357,0.000717,0.997458,0.000113,3.449050,0.000005,3.440283,0.000004,4.038517,0.000004
67,0.445675,0.001387,0.996432,-0.000125,2.139237,0.000006,2.131604,0.000005,2.502651,0.000005
68,0.656111,0.002188,0.991864,0.003352,1.763542,0.000007,1.749194,0.000006,2.055079,0.000006
69,0.705021,-0.001047,0.100386,0.000713,2.149253,0.000006,0.215754,0.000020,0.588539,0.000020
70,0.615077,0.001764,0.123567,-0.002941,2.123109,0.000006,0.262347,0.000021,0.630597,0.000021
71,0.457325,0.002544,0.971758,-0.007591,1.651873,0.000008,1.605222,0.000007,1.891737,0.000007
72,0.523472,0.000903,0.117397,-0.004501,2.260978,0.000008,0.265433,0.000028,0.657596,0.000028
73,0.762233,-0.000682,0.248819,-0.005913,1.920924,0.000008,0.477963,0.000020,0.811145,0.000020
74,0.742252,0.003098,0.999853,0.000237,2.553231,0.000007,2.552855,0.000006,2.995710,0.000006
75,0.663763,0.000500,0.814612,0.003361,2.316710,0.000007,1.887220,0.000007,2.289050,0.000007
76,0.455291,0.002497,0.038517,0.020885,1.821094,0.000005,0.070144,0.000023,0.386010,0.000023
77,0.803730,-0.003977,0.039056,0.004548,2.628544,0.000006,0.102660,0.000031,0.558577,0.000031
78,0.568991,0.004212,0.634872,-0.001333,3.934303,0.000006,2.497778,0.000008,3.180178,0.000008
79,0.464962,0.005041,0.999975,-0.002168,2.388723,0.000007,2.388663,0.000006,2.802983,0.000006
80,0.808719,-0.002971,0.826615,-0.003253,3.282178,0.000007,2.713098,0.000007,3.282387,0.000007
81,0.444344,-0.000055,0.999984,0.004096,2.150089,0.000005,2.150055,0.000004,2.522985,0.000004
82,0.696668,0.000828,0.225520,-0.011291,3.201442,0.000008,0.721990,0.000019,1.277276,0.000019
83,0.488863,-0.001602,0.920117,0.005369,2.025354,0.000007,1.863563,0.000007,2.214859,0.000007
84,0.570587,-0.001873,0.851019,0.006676,2.133611,0.000007,1.815743,0.000007,2.185815,0.000007
85,0.634478,0.001293,0.120458,0.003716,1.882107,0.000007,0.226715,0.000024,0.553164,0.000024
86,0.622847,0.000951,0.613982,0.010280,1.785736,0.000010,1.096410,0.000012,1.406144,0.000012
87,0.642160,-0.004698,0.099228,0.018996,2.633997,0.000004,0.261366,0.000015,0.718230,0.000015
88,0.639550,-0.000332,0.500442,0.000643,2.142948,0.000006,1.072422,0.000008,1.444113,0.000008
89,0.739257,-0.002320,0.218119,0.004890,4.024078,0.000006,0.877726,0.000015,1.575697,0.000015
90,0.710552,-0.004150,0.247942,0.008248,3.074614,0.000005,0.762327,0.000012,1.295615,0.000012
91,0.745427,0.000537,0.963673,-0.000177,2.674796,0.000006,2.577628,0.000005,3.041568,0.000005
92,0.639602,0.001569,0.882077,0.006820,1.864092,0.000010,1.644273,0.000009,1.967597,0.000009
93,0.461480,-0.000655,0.378540,0.010656,2.158648,0.000008,0.817135,0.000015,1.191549,0.000015
94,0.700327,-0.003562,0.120932,-0.008399,3.526896,0.000009,0.426515,0.000029,1.038250,0.000029
95,0.679414,0.000957,0.983140,0.001760,1.880721,0.000006,1.849013,0.000005,2.175222,0.000005
96,0.500004,0.000345,0.999903,0.006008,2.493129,0.000008,2.492887,0.000007,2.925317,0.000007
97,0.541972,0.000779,0.999370,0.000654,2.637933,0.000005,2.636272,0.000004,3.093818,0.000004
98,0.569454,-0.000578,0.078541,-0.001295,2.530251,0.000003,0.198729,0.000011,0.637598,0.000011
99,0.502733,0.001709,0.390871,-0.009722,1.818478,0.000010,0.710791,0.000017,1.026204,0.000017
100,0.697087,0.002389,0.674638,0.002329,1.636317,0.000009,1.103921,0.000011,1.387738,0.000011
101,0.743446,0.002348,0.089328,0.002399,2.597137,0.000006,0.231996,0.000023,0.682466,0.000023
102,0.474655,-0.003295,0.150217,-0.012963,2.103573,0.000008,0.315993,0.000024,0.680855,0.000024
103,0.604379,0.001362,0.895862,0.003430,1.819846,0.000007,1.630331,0.000007,1.945981,0.000007
104,0.518812,0.001776,0.352962,-0.002772,3.313332,0.000005,1.169481,0.000010,1.744174,0.000010
105,0.598885,-0.001701,0.982629,-0.000146,5.646906,0.000003,5.548811,0.000002,6.528259,0.000002
106,0.536427,-0.001036,0.891050,-0.000305,2.187784,0.000002,1.949426,0.000002,2.328894,0.000002
107,0.627597,0.000802,0.670759,-0.000974,2.044295,0.000007,1.371230,0.000008,1.725810,0.000008
108,0.425128,-0.001102,0.839785,0.001642,1.746942,0.000006,1.467057,0.000006,1.770061,0.000006
109,0.775127,0.000425,0.870276,-0.000094,5.293028,0.000004,4.606393,0.000004,5.524461,0.000004
110,0.561416,0.004432,0.981819,0.000183,3.092309,0.000001,3.036088,0.000001,3.572444,0.000001
111,0.644133,-0.001157,0.999874,0.003070,2.737867,0.000006,2.737521,0.000006,3.212401,0.000006
112,0.561108,-0.002663,0.999993,-0.004274,1.995622,0.000006,1.995609,0.000005,2.341746,0.000005
113,0.663228,-0.001807,0.890032,-0.002905,1.955488,0.000009,1.740448,0.000009,2.079624,0.000009
114,0.473594,0.002512,0.028321,-0.021761,1.740868,0.000008,0.049304,0.000040,0.351255,0.000040
115,0.917715,0.000137,0.941481,0.000235,2.996685,0.000008,2.821321,0.000007,3.341092,0.000007
116,0.523274,0.002199,0.001515,-0.027923,1.845952,0.000007,0.002796,0.000042,0.322974,0.000042
117,0.773861,-0.000142,0.603878,0.008067,2.141932,0.000010,1.293466,0.000013,1.664981,0.000013
118,0.526253,0.001099,0.639397,-0.010498,2.366075,0.000010,1.512862,0.000013,1.923254,0.000013
119,0.584875,-0.000418,0.279844,-0.005335,2.680034,0.000006,0.749992,0.000012,1.214840,0.000012
120,0.553506,-0.000678,0.129291,0.010363,2.148839,0.000007,0.277826,0.000022,0.650540,0.000022
121,0.588560,-0.001108,0.999927,0.008755,1.990761,0.000008,1.990615,0.000007,2.335910,0.000007
122,0.497728,-0.001171,0.863268,-0.001969,3.198997,0.000004,2.761592,0.000004,3.316454,0.000004
123,0.562604,-0.001835,0.968831,-0.006788,3.266987,0.000006,3.165157,0.000006,3.731812,0.000006
124,0.877325,-0.000524,0.962752,0.009128,3.862907,0.000007,3.719022,0.000006,4.389038,0.000006
125,0.752453,0.001464,0.921406,-0.000202,3.608526,0.000005,3.324917,0.000005,3.950811,0.000005
126,0.717139,-0.000223,0.978259,0.002946,2.215839,0.000010,2.167663,0.000009,2.551997,0.000009
127,0.562785,-0.002170,0.997218,-0.001379,2.602214,0.000009,2.594976,0.000007,3.046326,0.000007
128,0.765831,0.000889,0.110136,0.025331,2.559175,0.000006,0.281857,0.000022,0.725742,0.000022
129,0.659424,0.000617,0.769778,0.012417,2.368563,0.000009,1.823267,0.000009,2.234091,0.000009
130,0.674241,0.000210,0.555695,-0.002632,3.017047,0.000007,1.676559,0.000009,2.199862,0.000009
131,0.546159,-0.000099,0.546725,-0.004798,2.635731,0.000008,1.441019,0.000011,1.898183,0.000011
132,0.584764,-0.001182,0.108127,0.000727,1.874233,0.000006,0.202655,0.000021,0.527738,0.000021
133,0.510049,0.003311,0.025995,0.014060,2.059466,0.000005,0.053536,0.000026,0.410747,0.000026
134,0.527524,0.002041,0.565805,-0.008019,1.763500,0.000009,0.997797,0.000012,1.303673,0.000012
135,0.464761,0.000099,0.676130,0.000246,2.365201,0.000008,1.599184,0.000009,2.009424,0.000009
136,0.498390,0.002605,0.246022,0.007181,2.476608,0.000006,0.609300,0.000015,1.038864,0.000015
137,0.434247,0.000318,0.074911,-0.008626,1.698766,0.000006,0.127256,0.000024,0.421905,0.000024
138,0.602996,0.002080,0.913811,-0.000312,2.104848,0.000010,1.923433,0.000009,2.288516,0.000009
139,0.748798,-0.001153,0.994571,0.009757,3.295405,0.000008,3.277514,0.000007,3.849097,0.000007
140,0.572778,0.005371,0.993651,0.010731,1.872949,0.000007,1.861058,0.000006,2.185918,0.000006
141,0.937884,0.000340,0.128456,0.008288,1.913478,0.000004,0.245798,0.000015,0.577688,0.000015
142,0.771413,-0.001834,0.948527,0.001125,1.632397,0.000007,1.548373,0.000007,1.831510,0.000007
143,0.590398,-0.004196,0.047684,0.009248,2.032404,0.000009,0.096913,0.000039,0.449431,0.000039
144,0.715254,0.001275,0.127431,-0.014579,2.173259,0.000008,0.276940,0.000028,0.653889,0.000028
145,0.654737,0.000594,0.694594,0.009702,1.977846,0.000009,1.373801,0.000010,1.716856,0.000010
146,0.808563,-0.001783,0.505271,-0.002758,2.242249,0.000008,1.132944,0.000012,1.521859,0.000012
147,0.774468,0.000007,0.967160,0.001918,2.940297,0.000008,2.843739,0.000007,3.353729,0.000007
148,0.491258,0.002438,0.989796,-0.001356,1.932987,0.000008,1.913264,0.000007,2.248538,0.000007
149,0.576901,0.004269,0.203770,0.004162,1.654644,0.000009,0.337166,0.000025,0.624162,0.000025
150,0.720690,-0.002416,0.597590,-0.001589,2.460551,0.000006,1.470400,0.000008,1.897180,0.000008
151,0.735689,0.000089,0.216989,-0.007655,2.472779,0.000008,0.536567,0.000022,0.965467,0.000022
152,0.597884,0.000671,0.003508,-0.016146,2.613736,0.000004,0.009168,0.000023,0.462517,0.000023
153,0.538840,-0.000440,0.940203,0.000950,4.302961,0.000006,4.045655,0.000006,4.791998,0.000006
154,0.477175,0.001956,0.992175,0.001503,1.853633,0.000004,1.839127,0.000003,2.160637,0.000003
155,0.707479,0.003594,0.055669,0.000349,3.022825,0.000004,0.168279,0.000016,0.692584,0.000016
156,0.661078,0.001594,0.077821,0.004958,2.354255,0.000007,0.183211,0.000028,0.591553,0.000028
157,0.933331,0.000008,0.985619,-0.003726,2.158150,0.000007,2.127112,0.000006,2.501441,0.000006
158,0.876075,0.000386,0.955661,0.003946,2.953658,0.000006,2.822696,0.000005,3.335004,0.000005
159,0.505456,-0.001463,0.999667,-0.001065,2.142443,0.000007,2.141729,0.000006,2.513332,0.000006
160,0.569240,-0.001302,0.345468,0.006395,2.996828,0.000009,1.035310,0.000017,1.555105,0.000017
161,0.607328,-0.001638,0.999464,-0.002314,2.579704,0.000008,2.578322,0.000006,3.025769,0.000006
162,0.570707,-0.000761,0.733983,0.005574,2.267468,0.000008,1.664283,0.000009,2.057572,0.000009
163,0.698382,-0.002594,0.349843,-0.016234,3.322276,0.000008,1.162275,0.000015,1.738519,0.000015
164,0.559194,0.002203,0.999981,0.005634,2.698443,0.000007,2.698392,0.000006,3.166433,0.000006
165,0.517863,-0.003317,0.912214,-0.000936,5.308434,0.000003,4.842429,0.000003,5.763170,0.000003
166,0.792028,0.000755,0.956079,-0.002291,2.817965,0.000004,2.694196,0.000004,3.182968,0.000004
167,0.654615,0.001484,0.037463,-0.015656,2.265446,0.000005,0.084870,0.000022,0.477808,0.000022
168,0.534184,-0.001098,0.782886,-0.001789,4.385436,0.000008,3.433297,0.000009,4.193944,0.000009
169,0.724609,0.000346,0.431624,0.001100,3.039895,0.000005,1.312092,0.000009,1.839357,0.000009
170,1.020666,-0.001481,0.999656,-0.000895,1.993614,0.000010,1.992928,0.000009,2.338718,0.000009
171,0.532367,-0.000188,0.997510,0.016514,1.994146,0.000010,1.989181,0.000008,2.335063,0.000008
172,0.577352,0.000823,0.561919,-0.004497,2.317701,0.000008,1.302361,0.000011,1.704363,0.000011
173,0.417926,-0.002568,0.997961,0.010739,2.718709,0.000009,2.713165,0.000007,3.184721,0.000007
174,0.629761,-0.001381,0.999898,-0.008591,2.841938,0.000012,2.841647,0.000011,3.334577,0.000011
175,0.742926,-0.003443,0.978990,-0.001601,4.259382,0.000007,4.169891,0.000006,4.908675,0.000006
176,0.510616,0.003519,0.975642,0.003272,1.982690,0.000005,1.934396,0.000004,2.278291,0.000004
177,0.470217,0.000381,0.903770,0.003608,2.384337,0.000006,2.154893,0.000005,2.568453,0.000005
178,0.702950,-0.000552,0.165394,-0.014646,3.090775,0.000007,0.511195,0.000021,1.047286,0.000021
179,0.677718,-0.003477,0.689784,0.005508,2.520270,0.000007,1.738442,0.000008,2.175579,0.000008
180,0.523813,0.001878,0.990117,-0.005256,1.688636,0.000008,1.671948,0.000007,1.964840,0.000007
181,0.719420,0.000186,0.055300,-0.002508,2.885682,0.000005,0.159579,0.000022,0.660097,0.000022
182,0.602546,-0.000210,0.791206,-0.006651,2.311938,0.000007,1.829219,0.000007,2.230222,0.000007
183,0.474624,0.001430,0.974876,0.011058,2.539286,0.000010,2.475488,0.000009,2.915923,0.000009
184,0.582800,0.000659,0.168613,0.009542,2.482860,0.000009,0.418641,0.000025,0.849290,0.000025
185,0.517286,0.001640,0.996857,0.003459,2.004873,0.000007,1.998571,0.000006,2.346313,0.000006
186,0.648463,-0.001610,0.257912,-0.002209,3.285990,0.000008,0.847497,0.000018,1.417448,0.000018
187,0.617053,-0.001778,0.429062,0.007704,2.332776,0.000010,1.000905,0.000016,1.405521,0.000016
188,0.563348,-0.000886,0.951023,0.012749,1.807338,0.000013,1.718819,0.000012,2.032299,0.000012
189,0.534356,-0.001158,0.473959,-0.004606,4.743588,0.000009,2.248265,0.000014,3.071034,0.000014
190,0.834229,0.001076,0.714643,-0.004209,3.230849,0.000008,2.308902,0.000009,2.869288,0.000009
191,0.592997,0.000037,0.209599,-0.003696,2.790468,0.000007,0.584878,0.000017,1.068881,0.000017

===== block_5 =====
c,freq_fgconv_scalar,freq_fgconv_grad,gate_fgconv,gate_fgconv_grad,z_fgconv_energy,z_fgconv_grad_energy,pure_gated_fgconv_energy,pure_gated_fgconv_grad_energy,y_fgconv_energy,y_fgconv_grad_energy
0,0.705969,-0.007748,0.050932,0.008545,1.422782,0.000019,0.072465,0.000082,0.335377,0.000082
1,0.507279,-0.009762,0.237309,0.035766,1.862147,0.000032,0.441904,0.000075,0.786005,0.000075
2,0.798731,-0.005072,0.753529,0.001834,1.677034,0.000011,1.263693,0.000012,1.573587,0.000012
3,0.735494,-0.003701,0.467916,0.012345,1.863151,0.000028,0.871798,0.000043,1.216084,0.000043
4,0.580100,0.005515,0.988327,-0.000418,1.907206,0.000022,1.884942,0.000019,2.237370,0.000019
5,0.669479,0.009702,0.401822,0.012123,1.655513,0.000021,0.665221,0.000036,0.971139,0.000036
6,0.621493,-0.004631,0.661062,0.014105,2.012079,0.000026,1.330108,0.000031,1.701915,0.000031
7,0.817610,0.004264,0.981666,0.002960,2.211289,0.000017,2.170748,0.000014,2.579366,0.000014
8,0.757792,0.003761,0.679709,0.006138,1.528584,0.000017,1.038993,0.000020,1.321455,0.000020
9,0.460333,-0.009660,0.467060,-0.009407,1.784673,0.000028,0.833550,0.000043,1.163335,0.000043
10,0.513502,-0.001270,0.025607,-0.013995,1.664718,0.000029,0.042629,0.000137,0.350248,0.000137
11,0.827753,-0.000944,0.202776,0.014472,1.869262,0.000013,0.379042,0.000035,0.724458,0.000035
12,0.528727,-0.005727,0.114775,0.004251,2.709969,0.000011,0.311037,0.000036,0.811805,0.000036
13,0.547468,-0.001695,0.234783,0.018366,1.732197,0.000036,0.406690,0.000085,0.726778,0.000085
14,0.468791,0.008850,0.677719,-0.013643,2.735800,0.000032,1.854105,0.000037,2.359645,0.000037
15,0.599238,0.005682,0.434811,0.005707,2.041510,0.000016,0.887671,0.000026,1.264916,0.000026
16,0.725041,0.006795,0.375622,-0.070509,1.637970,0.000058,0.615258,0.000104,0.917934,0.000104
17,0.557850,-0.009972,0.472091,-0.004430,1.421953,0.000014,0.671291,0.000021,0.934050,0.000021
18,0.573906,-0.008368,0.555623,0.002697,2.854713,0.000017,1.586145,0.000023,2.113659,0.000023
19,0.628480,-0.000655,0.266549,-0.008994,1.774396,0.000021,0.472963,0.000047,0.800849,0.000047
20,0.501481,-0.006349,0.567023,0.021806,1.708765,0.000030,0.968910,0.000039,1.284668,0.000039
21,0.822116,-0.002997,0.144556,0.013171,1.500731,0.000017,0.216939,0.000052,0.494255,0.000052
22,0.696640,0.001830,0.652785,-0.009138,2.227392,0.000032,1.454009,0.000039,1.865603,0.000039
23,0.648446,0.000971,0.709672,-0.002821,1.906207,0.000028,1.352783,0.000032,1.705025,0.000032
24,0.500563,0.005519,0.091584,-0.035591,2.137160,0.000018,0.195730,0.000066,0.590650,0.000066
25,0.571397,0.005409,0.218284,0.001455,1.694404,0.000014,0.369861,0.000034,0.682966,0.000034
26,0.734290,-0.006726,0.156600,-0.023131,2.517377,0.000013,0.394222,0.000039,0.859401,0.000039
27,0.607142,0.012612,0.126555,-0.022737,1.406097,0.000016,0.177948,0.000050,0.437777,0.000050
28,0.685783,-0.001076,0.636988,-0.041421,1.607035,0.000063,1.023661,0.000077,1.320621,0.000077
29,0.646511,-0.005600,0.624839,0.000044,1.621945,0.000021,1.013454,0.000026,1.313169,0.000026
30,0.983742,-0.001435,0.682048,-0.002909,1.633266,0.000017,1.113966,0.000020,1.415773,0.000020
31,0.564241,-0.002791,0.307522,0.014442,2.176259,0.000022,0.669248,0.000044,1.071393,0.000044
32,0.563595,-0.002528,0.564056,0.016757,1.592924,0.000029,0.898498,0.000038,1.192850,0.000038
33,0.656088,0.004691,0.973508,-0.001015,1.328995,0.000022,1.293787,0.000019,1.539368,0.000019
34,0.770732,0.011803,0.141607,-0.002530,1.392277,0.000018,0.197157,0.000055,0.454432,0.000055
35,0.504973,0.000252,0.351719,0.022309,1.728209,0.000028,0.607845,0.000052,0.927196,0.000052
36,0.405449,-0.006375,0.491656,0.002423,1.379330,0.000021,0.678156,0.000031,0.933039,0.000031
37,0.542736,-0.011543,0.899766,-0.006103,1.651369,0.000024,1.485846,0.000022,1.790998,0.000022
38,0.831145,-0.000298,0.825155,-0.016735,1.743793,0.000041,1.438900,0.000041,1.761131,0.000041
39,0.551374,0.002719,0.330972,0.006192,1.837369,0.000016,0.608117,0.000030,0.947640,0.000030
40,0.612900,-0.000363,0.159459,-0.027759,1.579615,0.000026,0.251884,0.000077,0.543777,0.000077
41,0.706707,0.007251,0.252297,0.048582,1.586255,0.000034,0.400207,0.000078,0.693327,0.000078
42,0.810309,-0.007350,0.165360,-0.013666,2.199807,0.000019,0.363761,0.000053,0.770257,0.000053
43,0.527575,0.009628,0.530633,0.005293,1.819322,0.000018,0.965392,0.000025,1.301580,0.000025
44,0.632253,0.002198,0.681812,0.000692,2.293390,0.000020,1.563660,0.000023,1.987449,0.000023
45,0.604947,-0.002508,0.635073,0.004882,2.337503,0.000021,1.484484,0.000025,1.916425,0.000025
46,0.643077,-0.000778,0.144572,-0.039761,1.321794,0.000026,0.191094,0.000079,0.435345,0.000079
47,0.651270,0.005741,0.247968,-0.018912,2.140398,0.000022,0.530749,0.000051,0.926268,0.000051
48,0.555504,0.003414,0.087145,0.001139,3.053165,0.000011,0.266069,0.000040,0.830255,0.000040
49,0.624543,0.003990,0.682253,-0.012123,1.553287,0.000021,1.059734,0.000024,1.346762,0.000024
50,0.411361,-0.001648,0.998839,0.002528,1.481982,0.000017,1.480262,0.000015,1.754113,0.000015
51,0.571464,0.005330,0.289142,0.019204,2.458860,0.000032,0.710960,0.000067,1.165326,0.000067
52,0.803404,0.006234,0.073386,0.032635,1.909080,0.000018,0.140099,0.000072,0.492873,0.000072
53,0.694597,-0.002983,0.280557,-0.013700,1.526468,0.000020,0.428262,0.000044,0.710333,0.000044
54,0.575480,0.002240,0.245762,0.031238,1.713133,0.000029,0.421024,0.000068,0.737589,0.000068
55,0.558207,0.004339,0.380022,-0.018431,1.589354,0.000025,0.603989,0.000044,0.897681,0.000044
56,0.621213,-0.001427,0.922153,-0.006362,1.396601,0.000032,1.287880,0.000029,1.545954,0.000029
57,0.508129,0.001218,0.944104,-0.003711,1.691879,0.000015,1.597309,0.000013,1.909947,0.000013
58,0.901775,-0.006626,0.670278,0.007105,2.319362,0.000021,1.554618,0.000024,1.983206,0.000024
59,0.450534,0.006431,0.379983,-0.005296,1.806493,0.000013,0.686437,0.000024,1.020254,0.000024
60,0.532113,0.001516,0.936041,0.009110,2.052919,0.000030,1.921617,0.000027,2.300970,0.000027
61,0.574615,0.002597,0.697321,-0.003267,2.378574,0.000020,1.658630,0.000022,2.098160,0.000022
62,0.650674,-0.003957,0.691153,-0.008206,1.597912,0.000022,1.104402,0.000025,1.399676,0.000025
63,0.959598,0.002894,0.144349,-0.006535,1.777061,0.000021,0.256517,0.000063,0.584895,0.000063
64,0.453873,0.006430,0.285365,-0.024754,2.115448,0.000025,0.603675,0.000053,0.994583,0.000053
65,0.475971,-0.000677,0.366119,0.019018,1.498556,0.000029,0.548650,0.000052,0.825564,0.000052
66,0.467357,-0.002884,0.055316,0.000109,2.064733,0.000013,0.114212,0.000055,0.495749,0.000055
67,0.445675,0.000090,0.578690,-0.011819,1.575391,0.000029,0.911663,0.000038,1.202775,0.000038
68,0.656111,0.014813,0.177737,0.018146,1.620806,0.000021,0.288077,0.000058,0.587581,0.000058
69,0.705021,0.009321,0.627601,-0.000552,1.429119,0.000023,0.896916,0.000028,1.160999,0.000028
70,0.615077,-0.003209,0.105572,-0.006105,1.464002,0.000019,0.154558,0.000066,0.425087,0.000066
71,0.457325,0.008460,0.488984,-0.001702,1.705199,0.000010,0.833815,0.000015,1.148914,0.000015
72,0.523472,-0.000028,0.992523,-0.004055,1.872061,0.000015,1.858065,0.000013,2.203998,0.000013
73,0.762233,-0.001220,0.471024,-0.004891,2.714440,0.000025,1.278568,0.000039,1.780161,0.000039
74,0.742252,-0.003667,0.701292,0.017684,1.824117,0.000029,1.279239,0.000033,1.616312,0.000033
75,0.663763,0.007126,0.056855,-0.007282,1.778781,0.000015,0.101133,0.000061,0.429830,0.000061
76,0.455291,-0.000630,0.661387,0.002393,1.915928,0.000026,1.267170,0.000031,1.621209,0.000031
77,0.803730,0.000652,0.727419,0.004885,1.811603,0.000020,1.317794,0.000022,1.652555,0.000022
78,0.568991,-0.001133,0.781146,0.000176,1.654812,0.000027,1.292651,0.000028,1.598439,0.000028
79,0.464962,0.000677,0.623451,0.008797,1.953948,0.000016,1.218191,0.000020,1.579256,0.000020
80,0.808719,0.010988,0.231199,0.033819,2.143938,0.000027,0.495677,0.000066,0.891850,0.000066
81,0.444344,-0.016055,0.082167,0.015893,1.706302,0.000014,0.140202,0.000052,0.455505,0.000052
82,0.696668,0.000264,0.538702,-0.000896,1.704631,0.000015,0.918287,0.000021,1.233281,0.000021
83,0.488863,-0.004947,0.240561,0.034010,1.859057,0.000025,0.447217,0.000058,0.790747,0.000058
84,0.570587,-0.001498,0.201833,0.062223,1.953790,0.000044,0.394339,0.000115,0.755374,0.000115
85,0.634478,0.003933,0.479050,0.004479,2.089839,0.000019,1.001137,0.000028,1.387313,0.000028
86,0.622847,-0.003192,0.541774,0.000030,2.355303,0.000014,1.276041,0.000020,1.711271,0.000020
87,0.642160,0.011167,0.797923,-0.000876,1.318584,0.000016,1.052128,0.000017,1.295786,0.000017
88,0.639550,-0.009175,0.599939,0.017418,1.554272,0.000032,0.932468,0.000041,1.219678,0.000041
89,0.739257,-0.002622,0.472543,-0.011194,1.680866,0.000027,0.794282,0.000042,1.104885,0.000042
90,0.710552,0.001206,0.220265,-0.016007,2.784247,0.000021,0.613273,0.000051,1.127766,0.000051
91,0.745427,-0.006602,0.223007,-0.016950,1.316667,0.000016,0.293625,0.000038,0.536929,0.000038
92,0.639602,0.005070,0.939304,-0.005856,1.808121,0.000020,1.698375,0.000018,2.032493,0.000018
93,0.461480,-0.005400,0.372887,0.000553,1.979809,0.000011,0.738245,0.000020,1.104088,0.000020
94,0.700327,-0.006051,0.106484,0.006442,1.704005,0.000026,0.181449,0.000089,0.496328,0.000089
95,0.679414,0.004715,0.661295,0.006402,1.730703,0.000023,1.144505,0.000027,1.464317,0.000027
96,0.500004,0.001754,0.289693,-0.004250,1.523767,0.000019,0.441424,0.000041,0.722997,0.000041
97,0.541972,0.007645,0.192225,-0.004896,1.981138,0.000011,0.380823,0.000030,0.746912,0.000030
98,0.569454,-0.004900,0.088751,0.026781,1.517255,0.000024,0.134657,0.000087,0.415027,0.000087
99,0.502733,-0.007523,0.078265,-0.020862,1.724693,0.000012,0.134983,0.000044,0.453685,0.000044
100,0.697087,0.003269,0.196974,0.023055,1.452699,0.000021,0.286143,0.000054,0.554584,0.000054
101,0.743446,0.005583,0.051035,0.001956,2.099628,0.000009,0.107155,0.000040,0.495140,0.000040
102,0.474655,0.000296,0.511385,0.018826,1.815028,0.000031,0.928177,0.000045,1.263572,0.000045
103,0.604379,-0.004002,0.282104,-0.013589,1.959452,0.000017,0.552769,0.000036,0.914851,0.000036
104,0.518812,-0.002184,0.045735,-0.012220,1.775031,0.000020,0.081180,0.000087,0.409183,0.000087
105,0.598885,-0.006383,0.403498,-0.006048,1.634917,0.000011,0.659685,0.000018,0.961797,0.000018
106,0.536427,-0.010010,0.250221,-0.002680,1.542718,0.000007,0.386020,0.000016,0.671095,0.000016
107,0.627597,-0.006394,0.611854,0.000565,1.642477,0.000019,1.004956,0.000024,1.308465,0.000024
108,0.425128,-0.003772,0.065506,-0.024173,1.858208,0.000017,0.121725,0.000067,0.465098,0.000067
109,0.775127,0.005421,0.575542,0.004058,1.806849,0.000021,1.039918,0.000027,1.373801,0.000027
110,0.561416,-0.000259,0.983540,0.007101,1.374308,0.000035,1.351688,0.000030,1.605642,0.000030
111,0.644133,-0.011412,0.777142,0.002630,1.862671,0.000023,1.447560,0.000024,1.791758,0.000024
112,0.561108,-0.003085,0.386052,0.007540,2.345338,0.000024,0.905422,0.000042,1.338811,0.000042
113,0.663228,0.003849,0.122045,-0.024178,1.922129,0.000017,0.234586,0.000057,0.589771,0.000057
114,0.473594,-0.003139,0.067809,-0.020234,1.799989,0.000026,0.122055,0.000104,0.454670,0.000104
115,0.917715,0.000954,0.177497,0.024678,1.530373,0.000016,0.271636,0.000045,0.554430,0.000045
116,0.523274,0.003166,0.685473,-0.002997,1.553852,0.000030,1.065123,0.000034,1.352255,0.000034
117,0.773861,-0.003848,0.101299,-0.006131,1.599484,0.000007,0.162026,0.000023,0.457590,0.000023
118,0.526253,-0.000751,0.126711,-0.009376,1.791241,0.000021,0.226970,0.000068,0.557968,0.000068
119,0.584875,-0.000608,0.692670,0.004200,1.685083,0.000017,1.167207,0.000019,1.478589,0.000019
120,0.553506,0.001103,0.034251,-0.023082,2.671935,0.000010,0.091517,0.000045,0.585257,0.000045
121,0.588560,0.005050,0.978970,0.005431,1.795141,0.000022,1.757390,0.000019,2.089109,0.000019
122,0.497728,-0.000071,0.956229,0.018440,1.702120,0.000038,1.627617,0.000033,1.942147,0.000033
123,0.562604,-0.001909,0.965873,0.004186,2.896795,0.000015,2.797936,0.000013,3.333227,0.000013
124,0.877325,-0.002190,0.336727,-0.003674,1.720693,0.000028,0.579404,0.000053,0.897366,0.000053
125,0.752453,0.002143,0.719975,0.008473,1.263890,0.000022,0.909969,0.000025,1.143519,0.000025
126,0.717139,0.004987,0.086961,0.022521,1.943921,0.000017,0.169046,0.000061,0.528258,0.000061
127,0.562785,-0.005112,0.412265,-0.001144,1.690224,0.000021,0.696821,0.000034,1.009153,0.000034
128,0.765831,-0.012090,0.180067,-0.003892,2.135674,0.000018,0.384565,0.000050,0.779210,0.000050
129,0.659424,0.005229,0.727843,0.006395,1.534560,0.000022,1.116919,0.000024,1.400486,0.000024
130,0.674241,-0.011478,0.083738,0.042273,1.605560,0.000022,0.134446,0.000084,0.431133,0.000084
131,0.546159,-0.006201,0.493081,0.007029,1.519615,0.000022,0.749293,0.000033,1.030098,0.000033
132,0.584764,0.006962,0.662874,-0.048299,2.554985,0.000045,1.693633,0.000053,2.165761,0.000053
133,0.510049,0.002037,0.658204,0.009972,1.841818,0.000026,1.212292,0.000031,1.552637,0.000031
134,0.527524,0.006247,0.134953,0.019545,2.786783,0.000024,0.376085,0.000074,0.891047,0.000074
135,0.464761,0.006364,0.918319,-0.000438,1.625818,0.000022,1.493020,0.000020,1.793451,0.000020
136,0.498390,0.002761,0.514784,0.010069,2.147005,0.000020,1.105244,0.000028,1.501984,0.000028
137,0.434247,-0.007537,0.116337,-0.002734,2.206933,0.000013,0.256747,0.000042,0.664560,0.000042
138,0.602996,-0.007684,0.589460,0.009285,1.325236,0.000018,0.781174,0.000024,1.026061,0.000024
139,0.748798,0.002174,0.232491,0.011839,1.523564,0.000014,0.354215,0.000034,0.635750,0.000034
140,0.572778,0.000606,0.574648,0.022292,1.576049,0.000032,0.905673,0.000042,1.196906,0.000042
141,0.937884,0.004565,0.281274,0.013419,2.152881,0.000021,0.605549,0.000044,1.003374,0.000044
142,0.771413,0.000936,0.498415,0.022915,1.589046,0.000030,0.792004,0.000044,1.085639,0.000044
143,0.590398,-0.009222,0.749484,-0.016772,1.643734,0.000041,1.231951,0.000044,1.535692,0.000044
144,0.715254,0.018247,0.719190,0.013234,1.709427,0.000038,1.229403,0.000042,1.545284,0.000042
145,0.654737,0.007266,0.510894,-0.003906,1.693662,0.000012,0.865282,0.000018,1.178249,0.000018
146,0.808563,-0.001495,0.690401,0.001653,2.299697,0.000017,1.587713,0.000020,2.012668,0.000020
147,0.774468,-0.003274,0.999959,0.001774,1.436115,0.000026,1.436057,0.000022,1.701432,0.000022
148,0.491258,0.002113,0.109754,0.020780,1.620391,0.000016,0.177844,0.000056,0.477272,0.000056
149,0.576901,0.019664,0.156440,-0.035227,1.863475,0.000021,0.291523,0.000063,0.635869,0.000063
150,0.720690,-0.001449,0.620796,-0.016114,1.403498,0.000032,0.871286,0.000040,1.130634,0.000040
151,0.735689,0.005816,0.653671,0.009150,1.593688,0.000026,1.041748,0.000031,1.336241,0.000031
152,0.597884,0.004547,0.052312,0.002309,1.805347,0.000008,0.094441,0.000036,0.428047,0.000036
153,0.538840,-0.000688,0.680782,-0.000980,1.353660,0.000020,0.921547,0.000023,1.171686,0.000023
154,0.477175,0.001760,0.131783,-0.029048,1.203210,0.000020,0.158562,0.000063,0.380900,0.000063
155,0.707479,-0.006696,0.767606,-0.001788,1.618677,0.000025,1.242505,0.000026,1.541616,0.000026
156,0.661078,0.005051,0.072472,-0.011580,1.687496,0.000016,0.122295,0.000061,0.434123,0.000061
157,0.933331,0.004372,0.687701,-0.006721,1.655135,0.000021,1.138238,0.000025,1.444085,0.000025
158,0.876075,0.010116,0.152671,0.007535,1.142012,0.000014,0.174352,0.000042,0.385382,0.000042
159,0.505456,-0.011250,0.367778,0.005890,2.095003,0.000018,0.770496,0.000032,1.157626,0.000032
160,0.569240,0.006716,0.177591,0.018417,1.846329,0.000017,0.327892,0.000048,0.669070,0.000048
161,0.607328,-0.003539,0.998885,-0.002590,1.671072,0.000021,1.669209,0.000018,1.978002,0.000018
162,0.570707,-0.000703,0.844056,0.002352,1.718211,0.000018,1.450267,0.000017,1.767770,0.000017
163,0.698382,0.001890,0.597270,-0.001047,2.152423,0.000020,1.285578,0.000026,1.683319,0.000026
164,0.559194,0.001063,0.080101,-0.032107,1.654589,0.000037,0.132535,0.000140,0.438282,0.000140
165,0.517863,-0.004308,0.892229,-0.000168,2.015706,0.000027,1.798470,0.000025,2.170947,0.000025
166,0.792028,-0.000009,0.983664,-0.002775,1.921857,0.000024,1.890462,0.000020,2.245596,0.000020
167,0.654615,-0.005509,0.124562,0.013189,2.024805,0.000016,0.252214,0.000050,0.626372,0.000050
168,0.534184,-0.006150,0.287443,-0.012035,2.216417,0.000018,0.637093,0.000038,1.046659,0.000038
169,0.724609,-0.008362,0.409022,-0.026100,1.509056,0.000030,0.617237,0.000050,0.896091,0.000050
170,1.020666,-0.008585,0.549803,-0.008312,1.596537,0.000029,0.877782,0.000040,1.172801,0.000040
171,0.532367,-0.009836,0.639068,0.020743,2.376790,0.000033,1.518930,0.000040,1.958130,0.000040
172,0.577352,-0.007394,0.558117,0.010210,1.636526,0.000037,0.913373,0.000050,1.215782,0.000050
173,0.417926,0.007855,0.665473,0.000009,1.681746,0.000020,1.119157,0.000024,1.429922,0.000024
174,0.629761,0.005911,0.759736,0.006001,1.657960,0.000019,1.259612,0.000020,1.565982,0.000020
175,0.742926,-0.005741,0.329958,0.014421,2.065371,0.000024,0.681486,0.000046,1.063140,0.000046
176,0.510616,-0.015771,0.568652,-0.003565,2.461689,0.000033,1.399845,0.000044,1.854734,0.000044
177,0.470217,0.005025,0.721224,-0.001288,1.963481,0.000024,1.416110,0.000026,1.778936,0.000026
178,0.702950,-0.000885,0.185014,-0.004291,1.757729,0.000009,0.325205,0.000025,0.650011,0.000025
179,0.677718,-0.000756,0.119573,-0.025938,2.153126,0.000017,0.257455,0.000056,0.655326,0.000056
180,0.523813,0.001798,0.064765,-0.000743,2.094221,0.000013,0.135631,0.000050,0.522617,0.000050
181,0.719420,0.001905,0.835128,-0.017912,1.739007,0.000029,1.452292,0.000029,1.773639,0.000029
182,0.602546,-0.001001,0.338433,-0.001599,2.726438,0.000018,0.922715,0.000035,1.426526,0.000035
183,0.474624,0.001981,0.708325,-0.000459,1.595789,0.000021,1.130337,0.000023,1.425219,0.000023
184,0.582800,-0.007443,0.128549,-0.005443,1.837943,0.000026,0.236265,0.000083,0.575894,0.000083
185,0.517286,0.009237,0.996838,-0.002511,2.344687,0.000023,2.337273,0.000019,2.770541,0.000019
186,0.648463,-0.001299,0.883666,-0.008969,1.319243,0.000024,1.165770,0.000023,1.409549,0.000023
187,0.617053,-0.005351,0.578583,0.013765,1.756219,0.000050,1.016119,0.000066,1.340646,0.000066
188,0.563348,0.001538,0.153402,-0.033138,1.906764,0.000033,0.292502,0.000099,0.644848,0.000099
189,0.534356,-0.009846,0.999897,-0.000231,1.610713,0.000017,1.610547,0.000014,1.908186,0.000014
190,0.834229,-0.004680,0.579433,-0.002790,1.371744,0.000023,0.794833,0.000031,1.048314,0.000031
191,0.592997,0.000254,0.059343,-0.016380,1.691692,0.000027,0.100390,0.000112,0.412993,0.000112

===== block_6 =====
c,freq_fgconv_scalar,freq_fgconv_grad,gate_fgconv,gate_fgconv_grad,z_fgconv_energy,z_fgconv_grad_energy,pure_gated_fgconv_energy,pure_gated_fgconv_grad_energy,y_fgconv_energy,y_fgconv_grad_energy
0,0.286099,-0.010798,0.169040,0.060824,2.664334,0.000012,0.450380,0.000086,0.385124,0.000086
1,0.547567,0.005727,0.496395,0.006309,1.796354,0.000017,0.891702,0.000036,0.847705,0.000036
2,0.262153,0.002427,0.223449,-0.002331,1.944441,0.000007,0.434484,0.000034,0.386860,0.000034
3,0.296638,-0.001505,0.458125,0.004458,1.911435,0.000011,0.875677,0.000026,0.828861,0.000026
4,0.427306,0.002498,0.264943,-0.008691,2.370566,0.000014,0.628065,0.000057,0.570004,0.000057
5,0.244569,0.011681,0.216358,-0.012763,1.396416,0.000016,0.302126,0.000083,0.267924,0.000083
6,0.420441,-0.001174,0.469051,-0.003678,1.792765,0.000014,0.840898,0.000032,0.796990,0.000032
7,0.309333,-0.011311,0.186761,-0.026621,1.631336,0.000046,0.304670,0.000280,0.264715,0.000280
8,0.219953,0.020760,0.254531,0.001872,2.207345,0.000011,0.561837,0.000048,0.507774,0.000048
9,0.425099,0.009567,0.605466,-0.005329,2.224787,0.000021,1.347032,0.000036,1.292542,0.000036
10,0.481269,-0.001841,0.145413,0.006078,2.399112,0.000009,0.348861,0.000072,0.290101,0.000072
11,0.236077,-0.007044,0.522811,-0.011208,2.762573,0.000013,1.444302,0.000026,1.376641,0.000026
12,0.358618,-0.016309,0.988902,0.005022,2.489385,0.000019,2.461757,0.000019,2.400787,0.000019
13,0.347875,0.006594,0.364078,0.006283,2.103115,0.000021,0.765697,0.000062,0.714187,0.000062
14,0.273426,-0.008766,0.746694,-0.002408,1.780858,0.000019,1.329755,0.000027,1.286138,0.000027
15,0.308355,0.010368,0.153141,0.021700,2.428798,0.000022,0.371949,0.000168,0.312462,0.000168
16,0.367930,-0.009375,0.520898,0.010245,2.136874,0.000019,1.113094,0.000038,1.060757,0.000038
17,0.229718,-0.006656,0.184047,0.084048,2.656646,0.000029,0.488947,0.000179,0.423880,0.000179
18,0.324875,-0.007945,0.949013,0.004210,2.430107,0.000013,2.306203,0.000014,2.246685,0.000014
19,0.268146,-0.012349,0.672198,-0.000031,1.898327,0.000008,1.276051,0.000012,1.229556,0.000012
20,0.561389,0.006442,0.216744,0.001618,1.758640,0.000009,0.381175,0.000045,0.338102,0.000045
21,0.135618,0.000468,0.211796,0.010119,2.091600,0.000018,0.442992,0.000096,0.391764,0.000096
22,0.406321,-0.005023,0.300004,0.019357,2.053768,0.000017,0.616139,0.000061,0.565838,0.000061
23,0.548492,-0.003841,0.996796,0.000016,5.412599,0.000001,5.395258,0.000001,5.262691,0.000001
24,0.377402,-0.001054,0.559717,0.001955,2.262894,0.000018,1.266581,0.000033,1.211158,0.000033
25,0.300327,-0.004528,0.509800,-0.019778,2.570941,0.000019,1.310665,0.000039,1.247696,0.000039
26,0.264039,0.005049,0.287526,0.003747,2.003423,0.000011,0.576037,0.000041,0.526969,0.000041
27,0.245891,-0.008821,0.279189,-0.002863,1.645897,0.000007,0.459517,0.000029,0.419205,0.000029
28,0.477294,0.007895,0.998478,-0.006059,2.610545,0.000042,2.606571,0.000044,2.542633,0.000044
29,0.311966,0.013612,0.991809,0.001673,2.114321,0.000020,2.097003,0.000021,2.045218,0.000021
30,0.246071,-0.001281,0.395637,0.001213,1.968605,0.000015,0.778853,0.000041,0.730637,0.000041
31,0.448027,0.002281,0.113430,0.015045,1.782501,0.000010,0.202189,0.000113,0.158531,0.000113
32,0.477919,-0.002351,0.473427,0.019952,1.883861,0.000018,0.891870,0.000040,0.845730,0.000040
33,0.235581,-0.010890,0.111605,0.027104,1.884514,0.000014,0.210320,0.000159,0.164164,0.000159
34,0.297015,-0.000450,0.304782,0.007689,1.809766,0.000013,0.551585,0.000047,0.507260,0.000047
35,0.291427,0.002733,0.278554,-0.013006,2.059887,0.000017,0.573791,0.000069,0.523339,0.000069
36,0.282426,0.008499,0.134007,-0.025624,1.753200,0.000010,0.234940,0.000090,0.192001,0.000090
37,0.233673,-0.000287,0.158215,-0.026504,1.590589,0.000008,0.251654,0.000062,0.212697,0.000062
38,0.541564,-0.006202,0.813428,0.005852,3.217768,0.000010,2.617423,0.000013,2.538612,0.000013
39,0.289360,-0.011513,0.292987,-0.018385,1.412036,0.000022,0.413708,0.000080,0.379124,0.000080
40,0.215397,-0.007800,0.139660,0.049355,2.148731,0.000016,0.300091,0.000135,0.247464,0.000135
41,0.277001,-0.011069,0.220255,0.002232,1.953879,0.000017,0.430352,0.000087,0.382497,0.000087
42,0.246856,-0.003751,0.168413,-0.006925,2.178516,0.000016,0.366891,0.000109,0.313534,0.000109
43,0.176629,0.007531,0.852922,0.004561,1.852914,0.000013,1.580392,0.000015,1.535010,0.000015
44,0.389115,0.004309,0.698277,-0.001526,3.176894,0.000013,2.218352,0.000019,2.140543,0.000019
45,0.340610,0.001841,0.381320,0.009151,1.797287,0.000021,0.685341,0.000059,0.641322,0.000059
46,0.221153,-0.002879,0.137599,0.042236,1.684896,0.000025,0.231841,0.000225,0.190574,0.000225
47,0.414721,-0.003981,0.328925,0.010731,2.065238,0.000014,0.679308,0.000047,0.628726,0.000047
48,0.320980,0.007950,0.185073,0.004067,1.690605,0.000010,0.312885,0.000062,0.271479,0.000062
49,0.240689,-0.000975,0.172306,-0.012779,1.513322,0.000013,0.260755,0.000089,0.223690,0.000089
50,0.307273,0.003527,0.975272,0.001115,2.905199,0.000017,2.833358,0.000018,2.762203,0.000018
51,0.246634,0.015413,0.354236,-0.006352,2.017824,0.000018,0.714786,0.000054,0.665365,0.000054
52,0.261687,-0.002768,0.998512,-0.000369,2.678255,0.000009,2.674269,0.000009,2.608673,0.000009
53,0.298035,-0.013967,0.315005,0.003825,2.069592,0.000018,0.651931,0.000063,0.601242,0.000063
54,0.400847,0.010733,0.214015,-0.001517,2.071498,0.000012,0.443331,0.000064,0.392595,0.000064
55,0.288599,-0.009506,0.114391,-0.015564,1.816636,0.000016,0.207806,0.000176,0.163313,0.000176
56,0.356447,-0.007789,0.144653,0.036014,2.330379,0.000018,0.337097,0.000146,0.280021,0.000146
57,0.328379,0.005961,0.430563,0.015201,2.004330,0.000022,0.862990,0.000053,0.813900,0.000053
58,0.262783,0.007891,0.179031,0.024567,1.805643,0.000016,0.323265,0.000106,0.279041,0.000106
59,0.327525,0.000197,0.999711,-0.002937,1.687780,0.000017,1.687292,0.000017,1.645955,0.000017
60,0.514725,-0.002611,0.196866,-0.013393,2.316245,0.000018,0.455990,0.000104,0.399260,0.000104
61,0.187135,-0.021388,0.429722,-0.003345,1.594858,0.000021,0.685346,0.000053,0.646284,0.000053
62,0.139122,0.002583,0.350423,0.002339,1.985348,0.000016,0.695712,0.000049,0.647087,0.000049
63,0.379575,-0.010105,0.157972,-0.003713,4.171808,0.000006,0.659030,0.000045,0.556853,0.000045
64,0.275042,-0.004200,0.381810,-0.002107,1.858094,0.000012,0.709439,0.000033,0.663930,0.000033
65,0.274507,-0.000076,0.521472,-0.002306,1.934349,0.000016,1.008709,0.000033,0.961333,0.000033
66,0.174054,-0.011553,0.430478,0.007995,1.707915,0.000019,0.735219,0.000047,0.693388,0.000047
67,0.434393,-0.004953,0.135978,0.033237,1.842765,0.000018,0.250575,0.000163,0.205442,0.000163
68,0.300213,-0.001996,0.254636,0.015492,1.682761,0.000020,0.428492,0.000085,0.387277,0.000085
69,0.380581,0.000344,0.213224,0.016114,1.694716,0.000013,0.361355,0.000071,0.319847,0.000071
70,0.243971,-0.007247,0.153061,-0.006939,1.793759,0.000008,0.274555,0.000059,0.230621,0.000059
71,0.133247,-0.003594,0.760557,0.000522,3.684447,0.000011,2.802231,0.000015,2.711990,0.000015
72,0.360124,0.001198,0.225817,0.011492,2.065877,0.000028,0.466511,0.000140,0.415913,0.000140
73,0.388772,0.002723,0.204904,0.000933,1.829165,0.000017,0.374804,0.000095,0.330003,0.000095
74,0.414691,-0.007018,0.132189,-0.019927,2.021448,0.000010,0.267213,0.000089,0.217703,0.000089
75,0.236545,0.006436,0.738715,-0.001091,2.667332,0.000006,1.970399,0.000008,1.905070,0.000008
76,0.277881,-0.001887,0.697402,0.005820,2.110836,0.000020,1.472101,0.000029,1.420402,0.000029
77,0.189173,0.007492,0.105183,0.008061,2.433803,0.000010,0.255994,0.000122,0.196384,0.000122
78,0.360159,0.006905,0.360189,0.008115,1.835061,0.000015,0.660968,0.000043,0.616023,0.000043
79,0.253652,-0.000036,0.139262,0.037472,1.937570,0.000025,0.269830,0.000215,0.222375,0.000215
80,0.338755,0.004842,0.471337,-0.007581,1.800537,0.000021,0.848659,0.000046,0.804560,0.000046
81,0.276433,-0.003766,0.193549,0.000392,1.993816,0.000018,0.385902,0.000108,0.337069,0.000108
82,0.395170,0.006466,0.538629,-0.012810,1.706295,0.000023,0.919060,0.000045,0.877269,0.000045
83,0.258484,0.006697,0.204913,0.013084,1.962405,0.000009,0.402122,0.000049,0.354059,0.000049
84,0.361855,0.011936,0.662574,-0.000124,1.998797,0.000020,1.324352,0.000031,1.275397,0.000031
85,0.338842,-0.005875,0.138504,-0.005036,1.750681,0.000017,0.242476,0.000150,0.199598,0.000150
86,0.248240,0.004545,0.258220,0.022088,1.847545,0.000012,0.477074,0.000051,0.431823,0.000051
87,0.245412,-0.006382,0.991552,0.002618,1.952742,0.000015,1.936246,0.000016,1.888419,0.000016
88,0.403928,0.003379,0.997409,0.009769,1.964576,0.000025,1.959487,0.000026,1.911370,0.000026
89,0.349736,-0.011236,0.222807,-0.007353,1.691376,0.000009,0.376851,0.000043,0.335425,0.000043
90,0.239774,-0.008593,0.203586,-0.030203,1.650351,0.000019,0.335989,0.000105,0.295568,0.000105
91,0.212026,-0.000405,0.268510,0.020597,1.947876,0.000025,0.523025,0.000101,0.475317,0.000101
92,0.292545,-0.006355,0.502143,0.001034,1.795869,0.000012,0.901782,0.000024,0.857798,0.000024
93,0.262558,0.000246,0.625035,0.002424,1.410429,0.000014,0.881567,0.000024,0.847022,0.000024
94,0.260163,0.002941,0.224343,0.032632,1.954796,0.000019,0.438545,0.000094,0.390668,0.000094
95,0.416125,0.003322,0.228307,-0.004020,1.511947,0.000014,0.345188,0.000069,0.308157,0.000069
96,0.282831,0.000070,0.902331,0.001782,1.668794,0.000019,1.505804,0.000022,1.464932,0.000022
97,0.272680,-0.009008,0.188012,0.056451,1.934176,0.000026,0.363648,0.000162,0.316275,0.000162
98,0.316990,0.001961,0.370238,0.007112,1.888486,0.000018,0.699189,0.000051,0.652935,0.000051
99,0.253595,0.000664,0.141257,-0.018510,2.575497,0.000009,0.363807,0.000079,0.300727,0.000079
100,0.215824,0.011847,0.865475,0.004251,1.756390,0.000013,1.520112,0.000016,1.477094,0.000016
101,0.157555,-0.008663,0.163826,-0.025176,3.669610,0.000008,0.601177,0.000056,0.511300,0.000056
102,0.343210,-0.004765,0.171608,0.051544,2.383680,0.000018,0.409059,0.000122,0.350677,0.000122
103,0.332623,-0.010583,0.216365,-0.042987,1.883664,0.000025,0.407559,0.000129,0.361424,0.000129
104,0.272641,0.006047,0.570941,-0.000007,1.489835,0.000014,0.850607,0.000026,0.814118,0.000026
105,0.142642,-0.005073,0.143539,0.031169,1.958199,0.000014,0.281079,0.000117,0.233118,0.000117
106,0.197868,-0.005338,0.199402,-0.007147,1.929178,0.000017,0.384682,0.000099,0.337432,0.000099
107,0.295793,0.003721,0.999672,-0.000797,2.997195,0.000012,2.996211,0.000013,2.922803,0.000013
108,0.242567,0.001857,0.428262,-0.012210,2.403186,0.000012,1.029193,0.000029,0.970334,0.000029
109,0.345828,-0.000960,0.215607,0.012377,2.317799,0.000012,0.499733,0.000062,0.442965,0.000062
110,0.307641,0.008048,0.175230,0.031688,1.581190,0.000017,0.277071,0.000115,0.238345,0.000115
111,0.338645,-0.001333,0.403804,-0.006751,1.761290,0.000017,0.711216,0.000045,0.668078,0.000045
112,0.426933,-0.000542,0.560513,-0.003446,2.118844,0.000009,1.187639,0.000017,1.135744,0.000017
113,0.280176,-0.000087,0.211229,-0.069261,1.632046,0.000025,0.344736,0.000135,0.304763,0.000135
114,0.307797,-0.002050,0.181470,-0.003265,1.869090,0.000014,0.339184,0.000092,0.293406,0.000092
115,0.291924,-0.010870,0.209296,-0.012573,2.029070,0.000021,0.424676,0.000116,0.374980,0.000116
116,0.468099,0.000052,0.409358,-0.000541,1.714803,0.000013,0.701968,0.000035,0.659969,0.000035
117,0.172071,-0.003575,0.277275,-0.005227,1.705359,0.000020,0.472853,0.000080,0.431085,0.000080
118,0.280729,0.005520,0.486155,-0.004007,2.029652,0.000015,0.986726,0.000033,0.937015,0.000033
119,0.310122,-0.004901,0.195569,-0.009189,1.818902,0.000016,0.355721,0.000096,0.311172,0.000096
120,0.296822,-0.012478,0.169830,0.019396,1.893858,0.000012,0.321635,0.000082,0.275250,0.000082
121,0.362518,-0.002946,0.925386,0.002900,1.763889,0.000016,1.632278,0.000018,1.589077,0.000018
122,0.472353,0.004267,0.640818,0.009186,1.682995,0.000019,1.078494,0.000031,1.037274,0.000031
123,0.268212,-0.004898,0.170084,-0.017191,2.203110,0.000011,0.374715,0.000077,0.320756,0.000077
124,0.465356,0.006163,0.140749,-0.116591,2.060117,0.000024,0.289960,0.000204,0.239503,0.000204
125,0.361220,-0.006847,0.359353,0.010993,1.631820,0.000019,0.586400,0.000058,0.546433,0.000058
126,0.228058,0.003626,0.123175,-0.067925,2.331450,0.000015,0.287177,0.000147,0.230075,0.000147
127,0.316441,0.002694,0.373684,-0.003660,1.597302,0.000019,0.596887,0.000053,0.557765,0.000053
128,0.252520,-0.019438,0.314507,0.000942,1.551206,0.000018,0.487865,0.000063,0.449873,0.000063
129,0.260036,-0.001635,0.317664,0.009843,2.026174,0.000020,0.643643,0.000068,0.594018,0.000068
130,0.241917,0.003569,0.256819,0.028349,1.411300,0.000023,0.362448,0.000098,0.327882,0.000098
131,0.422335,-0.002597,0.396547,0.000441,1.866239,0.000017,0.740051,0.000045,0.694343,0.000045
132,0.572740,-0.009535,0.837998,-0.002120,2.155455,0.000009,1.806268,0.000011,1.753476,0.000011
133,0.382702,0.001723,0.398920,-0.019073,1.920875,0.000019,0.766276,0.000052,0.719230,0.000052
134,0.315006,-0.006777,0.148008,-0.019014,1.848116,0.000014,0.273536,0.000111,0.228271,0.000111
135,0.397633,-0.006214,0.215312,0.040148,1.738059,0.000021,0.374224,0.000112,0.331655,0.000112
136,0.372141,-0.010420,0.249798,0.037095,1.958729,0.000016,0.489287,0.000069,0.441313,0.000069
137,0.336943,-0.004873,0.384991,0.038222,1.578117,0.000027,0.607560,0.000075,0.568909,0.000075
138,0.241524,0.004318,0.197578,-0.009494,1.536693,0.000016,0.303616,0.000090,0.265979,0.000090
139,0.247474,0.006448,0.140793,0.000169,2.905258,0.000007,0.409039,0.000060,0.337883,0.000060
140,0.364199,0.004348,0.323531,0.011387,1.750002,0.000025,0.566180,0.000085,0.523319,0.000085
141,0.182739,-0.004829,0.271914,0.023193,1.623244,0.000017,0.441383,0.000067,0.401627,0.000067
142,0.375658,0.001315,0.522990,-0.008405,2.414120,0.000014,1.262561,0.000028,1.203434,0.000028
143,0.400086,-0.016957,0.838590,0.002736,2.535693,0.000013,2.126408,0.000016,2.064303,0.000016
144,0.354847,0.007259,0.313118,0.002046,3.017185,0.000016,0.944735,0.000057,0.870837,0.000057
145,0.235790,0.002674,0.369080,-0.008208,1.997185,0.000011,0.737121,0.000032,0.688205,0.000032
146,0.478193,0.001925,0.591697,-0.005808,1.771498,0.000017,1.048189,0.000030,1.004801,0.000030
147,0.401192,-0.007097,0.221758,0.063507,1.786361,0.000026,0.396140,0.000134,0.352388,0.000134
148,0.204291,0.004726,0.103022,0.009344,2.608740,0.000009,0.268757,0.000114,0.204863,0.000114
149,0.209975,-0.004976,0.404068,0.007588,1.893885,0.000015,0.765258,0.000040,0.718872,0.000040
150,0.292283,-0.001538,0.118648,-0.007583,2.253293,0.000007,0.267349,0.000074,0.212161,0.000074
151,0.426466,-0.005865,0.734460,-0.001746,2.218086,0.000010,1.629096,0.000014,1.574770,0.000014
152,0.172758,-0.007579,0.743606,0.001515,1.822728,0.000013,1.355391,0.000018,1.310748,0.000018
153,0.289143,0.001786,0.116000,0.020112,1.472673,0.000010,0.170831,0.000106,0.134761,0.000106
154,0.185136,-0.002609,0.403878,-0.011103,1.646813,0.000025,0.665112,0.000066,0.624778,0.000066
155,0.447266,-0.005505,0.226401,-0.001084,1.617630,0.000013,0.366233,0.000065,0.326613,0.000065
156,0.271492,-0.007384,0.485525,0.008903,1.564633,0.000017,0.759669,0.000037,0.721348,0.000037
157,0.287834,-0.008384,0.325032,-0.002197,1.650022,0.000018,0.536310,0.000059,0.495897,0.000059
158,0.204354,-0.011399,0.394959,0.008960,1.749725,0.000011,0.691070,0.000029,0.648215,0.000029
159,0.304120,-0.003277,0.417961,-0.002441,2.921358,0.000005,1.221012,0.000014,1.149462,0.000014
160,0.278631,0.010026,0.205057,0.009452,2.422096,0.000023,0.496669,0.000126,0.437346,0.000126
161,0.345700,-0.008195,0.206617,0.020612,1.833111,0.000018,0.378752,0.000098,0.333855,0.000098
162,0.249111,0.010038,0.189532,0.037299,2.011334,0.000019,0.381213,0.000115,0.331951,0.000115
163,0.420865,-0.005385,0.199961,0.001617,2.035947,0.000015,0.407110,0.000084,0.357246,0.000084
164,0.298555,-0.008495,0.267176,0.027733,1.945877,0.000021,0.519891,0.000088,0.472232,0.000088
165,0.303430,0.009003,0.590804,0.008050,2.195597,0.000020,1.297168,0.000036,1.243393,0.000036
166,0.330713,-0.000668,0.422014,-0.001690,2.362839,0.000009,0.997152,0.000023,0.939280,0.000023
167,0.357437,0.004989,0.921071,0.000686,2.497916,0.000007,2.300758,0.000007,2.239578,0.000007
168,0.344926,-0.007898,0.330768,0.007136,1.477913,0.000021,0.488846,0.000068,0.452648,0.000068
169,0.218753,-0.010813,0.498169,0.003157,2.420742,0.000018,1.205938,0.000038,1.146648,0.000038
170,0.390191,-0.004358,0.424834,0.005629,1.518779,0.000015,0.645228,0.000037,0.608030,0.000037
171,0.247184,0.005400,0.265706,-0.002096,2.429967,0.000011,0.645657,0.000046,0.586141,0.000046
172,0.445436,-0.001461,0.131268,0.005251,1.500198,0.000005,0.196928,0.000048,0.160185,0.000048
173,0.332842,-0.010112,0.119241,-0.123730,2.682193,0.000017,0.319828,0.000179,0.254135,0.000179
174,0.323007,0.000790,0.178137,-0.006899,1.624740,0.000019,0.289427,0.000123,0.249633,0.000123
175,0.308559,0.002336,0.192938,0.024326,1.688280,0.000012,0.325733,0.000070,0.284383,0.000070
176,0.332015,-0.014992,0.184000,0.012122,2.180545,0.000016,0.401220,0.000103,0.347813,0.000103
177,0.462885,-0.008512,0.539042,-0.006538,1.867911,0.000013,1.006882,0.000026,0.961133,0.000026
178,0.195730,-0.008635,0.930464,0.003577,3.425469,0.000007,3.187276,0.000008,3.103379,0.000008
179,0.201566,-0.007167,0.399286,0.005106,1.959791,0.000018,0.782518,0.000049,0.734518,0.000049
180,0.198268,0.005632,0.131274,-0.014230,2.246882,0.000009,0.294956,0.000081,0.239925,0.000081
181,0.387445,0.001846,0.246352,0.012215,2.475855,0.000015,0.609932,0.000066,0.549293,0.000066
182,0.248621,-0.002334,0.188858,-0.002401,1.654730,0.000015,0.312510,0.000092,0.271981,0.000092
183,0.304739,0.000972,0.199107,-0.028723,1.895563,0.000025,0.377420,0.000142,0.330993,0.000142
184,0.450665,-0.014355,0.851052,0.001225,1.736058,0.000016,1.477476,0.000020,1.434957,0.000020
185,0.618024,0.000925,0.398339,-0.008719,1.528210,0.000011,0.608745,0.000030,0.571316,0.000030
186,0.316435,-0.009266,0.118900,-0.030771,2.218462,0.000014,0.263774,0.000147,0.209439,0.000147
187,0.262048,0.004769,0.317006,0.007206,2.310102,0.000012,0.732317,0.000041,0.675738,0.000041
188,0.357547,-0.014243,0.418075,-0.027758,1.772919,0.000025,0.741213,0.000064,0.697790,0.000064
189,0.338080,0.008619,0.454638,0.008705,1.473573,0.000015,0.669942,0.000035,0.633851,0.000035
190,0.321057,0.011117,0.114783,0.043506,2.052576,0.000007,0.235601,0.000080,0.185329,0.000080
191,0.331340,-0.005107,0.712330,0.006903,1.751518,0.000020,1.247659,0.000029,1.204761,0.000029

===== block_7 =====
c,freq_fgconv_scalar,freq_fgconv_grad,gate_fgconv,gate_fgconv_grad,z_fgconv_energy,z_fgconv_grad_energy,pure_gated_fgconv_energy,pure_gated_fgconv_grad_energy,y_fgconv_energy,y_fgconv_grad_energy
0,0.286099,0.007152,0.979013,0.009265,1.713343,0.000022,1.677385,0.000021,1.737715,0.000021
1,0.547567,0.004226,0.543360,-0.002694,1.520756,0.000016,0.826319,0.000028,0.879868,0.000028
2,0.262153,0.007581,0.872234,0.017910,2.219152,0.000025,1.935619,0.000027,2.013761,0.000027
3,0.296638,0.001202,0.452582,0.006913,2.051950,0.000016,0.928676,0.000033,1.000930,0.000033
4,0.427306,-0.002504,0.219710,0.000959,1.581550,0.000014,0.347482,0.000054,0.403172,0.000054
5,0.244569,0.006556,0.489220,0.013658,1.549762,0.000026,0.758174,0.000050,0.812745,0.000050
6,0.420441,0.003888,0.237104,-0.007121,1.889295,0.000023,0.447960,0.000083,0.514486,0.000083
7,0.309333,-0.001779,0.125506,-0.025002,1.718018,0.000013,0.215622,0.000082,0.276117,0.000082
8,0.219953,0.005036,0.999929,-0.000495,2.488809,0.000008,2.488632,0.000007,2.576269,0.000007
9,0.425099,0.001838,0.923382,0.002818,1.651632,0.000013,1.525087,0.000013,1.583244,0.000013
10,0.481269,0.004870,0.950305,-0.011883,1.588609,0.000051,1.509662,0.000052,1.565601,0.000052
11,0.236077,0.006003,0.747874,0.000308,1.738122,0.000012,1.299895,0.000015,1.361098,0.000015
12,0.358618,0.008784,0.164662,-0.007607,1.872166,0.000014,0.308274,0.000071,0.374197,0.000071
13,0.347875,0.001727,0.209368,0.021553,1.726284,0.000024,0.361429,0.000098,0.422215,0.000098
14,0.273426,-0.000607,0.196853,-0.005160,1.445353,0.000013,0.284522,0.000055,0.335417,0.000055
15,0.308355,0.006977,0.659954,-0.001556,1.488781,0.000016,0.982527,0.000023,1.034951,0.000023
16,0.367930,-0.001244,0.580925,-0.007286,1.545056,0.000013,0.897562,0.000022,0.951967,0.000022
17,0.229718,-0.002834,0.807005,-0.007955,1.677535,0.000019,1.353779,0.000022,1.412849,0.000022
18,0.324875,-0.002168,0.516267,0.005150,1.629370,0.000024,0.841190,0.000044,0.898564,0.000044
19,0.268146,-0.000940,0.573811,0.018039,1.729109,0.000023,0.992182,0.000038,1.053067,0.000038
20,0.561389,0.004701,0.202124,0.006218,1.706634,0.000017,0.344952,0.000072,0.405047,0.000072
21,0.135618,0.000436,0.284254,-0.006984,1.711964,0.000019,0.486632,0.000060,0.546914,0.000060
22,0.406321,-0.003952,0.540647,-0.002995,1.327633,0.000018,0.717781,0.000032,0.764530,0.000032
23,0.548492,0.002227,0.317472,-0.003770,2.370864,0.000014,0.752683,0.000039,0.836166,0.000039
24,0.377402,-0.005149,0.100104,0.027380,1.853578,0.000016,0.185550,0.000119,0.250818,0.000119
25,0.300327,0.003735,0.184761,0.001491,1.620437,0.000015,0.299394,0.000068,0.356453,0.000068
26,0.264039,0.008085,0.220309,-0.002203,1.532534,0.000014,0.337631,0.000053,0.391595,0.000053
27,0.245891,-0.002938,0.767436,0.010473,1.501163,0.000027,1.152047,0.000033,1.204906,0.000033
28,0.477294,-0.000973,0.767317,-0.009589,1.588621,0.000021,1.218976,0.000026,1.274915,0.000026
29,0.311966,0.003945,0.466707,0.000005,1.650142,0.000014,0.770132,0.000027,0.828238,0.000027
30,0.246071,0.000929,0.448633,0.007491,2.391693,0.000018,1.072992,0.000038,1.157209,0.000038
31,0.448027,0.006739,0.999974,0.001859,2.251199,0.000029,2.251140,0.000028,2.330410,0.000028
32,0.477919,0.003170,0.250957,0.006695,1.398587,0.000019,0.350985,0.000068,0.400233,0.000068
33,0.235581,0.001424,0.286080,0.005315,1.856102,0.000016,0.530994,0.000051,0.596352,0.000051
34,0.297015,-0.000903,0.274260,0.015918,1.782059,0.000020,0.488748,0.000063,0.551498,0.000063
35,0.291427,-0.000387,0.988385,0.001794,1.385949,0.000021,1.369852,0.000021,1.418654,0.000021
36,0.282426,-0.000741,0.143740,0.010008,1.431579,0.000014,0.205775,0.000077,0.256184,0.000077
37,0.233673,0.000898,0.093411,-0.051397,1.829469,0.000015,0.170892,0.000116,0.235312,0.000116
38,0.541564,-0.003171,0.353448,-0.000943,1.375027,0.000014,0.486000,0.000035,0.534418,0.000035
39,0.289360,-0.000174,0.028844,-0.039791,2.096611,0.000009,0.060474,0.000140,0.134300,0.000140
40,0.215397,-0.007227,0.507346,0.010686,1.302300,0.000023,0.660717,0.000043,0.706574,0.000043
41,0.277001,0.003945,0.801989,0.015795,1.664116,0.000031,1.334602,0.000037,1.393199,0.000037
42,0.246856,0.003072,0.614978,0.011167,1.384902,0.000023,0.851684,0.000035,0.900450,0.000035
43,0.176629,0.010148,0.401421,0.031356,3.310989,0.000032,1.329101,0.000073,1.445688,0.000073
44,0.389115,-0.000961,0.688798,0.005364,1.588612,0.000017,1.094233,0.000023,1.150171,0.000023
45,0.340610,-0.000296,0.330480,0.019114,1.739128,0.000025,0.574747,0.000068,0.635986,0.000068
46,0.221153,-0.000769,0.685992,-0.007254,1.615814,0.000021,1.108435,0.000030,1.165331,0.000030
47,0.414721,0.004594,0.214142,-0.013203,1.022786,0.000021,0.219022,0.000085,0.255036,0.000085
48,0.320980,-0.000833,0.442406,-0.008137,2.047783,0.000015,0.905952,0.000031,0.978059,0.000031
49,0.240689,0.000375,0.554756,0.007050,1.246081,0.000014,0.691271,0.000023,0.735149,0.000023
50,0.307273,0.005365,0.141481,0.007873,2.269720,0.000013,0.321121,0.000075,0.401043,0.000075
51,0.246634,0.009073,0.551817,0.003689,1.383870,0.000015,0.763643,0.000026,0.812372,0.000026
52,0.261687,0.002204,0.656354,0.003896,1.418923,0.000015,0.931316,0.000022,0.981279,0.000022
53,0.298035,0.006773,0.416340,0.006335,1.500456,0.000029,0.624700,0.000064,0.677535,0.000064
54,0.400847,-0.001011,0.315700,-0.003296,1.617159,0.000020,0.510537,0.000057,0.567481,0.000057
55,0.288599,-0.003807,0.243745,0.026072,1.728884,0.000033,0.421407,0.000118,0.482285,0.000118
56,0.356447,0.001639,0.620639,0.003281,1.674478,0.000013,1.039245,0.000020,1.098207,0.000020
57,0.328379,0.000758,0.801168,-0.010994,1.239655,0.000029,0.993172,0.000034,1.036823,0.000034
58,0.262783,0.005399,0.380618,0.027229,1.588534,0.000026,0.604625,0.000062,0.660560,0.000062
59,0.327525,-0.005468,0.694776,0.002152,1.406485,0.000022,0.977193,0.000031,1.026718,0.000031
60,0.514725,0.000049,0.941982,0.002348,1.431234,0.000015,1.348197,0.000016,1.398594,0.000016
61,0.187135,-0.007870,0.087839,-0.000091,1.746841,0.000018,0.153441,0.000143,0.214951,0.000143
62,0.139122,0.007488,0.943534,-0.000753,1.381964,0.000014,1.303930,0.000015,1.352592,0.000015
63,0.379575,0.001388,0.379432,-0.004648,2.181057,0.000011,0.827563,0.000026,0.904363,0.000026
64,0.275042,0.005314,0.983145,0.003864,1.343554,0.000014,1.320909,0.000014,1.368218,0.000014
65,0.274507,-0.003034,0.186335,-0.030415,1.693592,0.000017,0.315575,0.000079,0.375210,0.000079
66,0.174054,0.001219,0.520302,-0.053250,1.416712,0.000060,0.737118,0.000108,0.787004,0.000108
67,0.434393,0.003811,0.595920,0.006688,1.867919,0.000013,1.113130,0.000021,1.178903,0.000021
68,0.300213,0.006955,0.204873,-0.009966,2.354125,0.000018,0.482297,0.000074,0.565191,0.000074
69,0.380581,0.006766,0.969867,-0.003713,1.524450,0.000016,1.478514,0.000016,1.532194,0.000016
70,0.243971,-0.001002,0.516226,0.010462,1.376186,0.000014,0.710423,0.000026,0.758882,0.000026
71,0.133247,0.007951,0.721992,-0.010263,1.252231,0.000023,0.904100,0.000031,0.948194,0.000031
72,0.360124,-0.004682,0.704435,-0.006703,1.312369,0.000024,0.924478,0.000033,0.970690,0.000033
73,0.388772,0.001218,0.197618,-0.027861,1.342924,0.000028,0.265386,0.000121,0.312673,0.000121
74,0.414691,-0.004788,0.224643,0.001086,1.514052,0.000014,0.340122,0.000054,0.393435,0.000054
75,0.236545,-0.002484,0.579755,0.002757,3.495833,0.000009,2.026728,0.000014,2.149824,0.000014
76,0.277881,0.000671,0.204854,-0.004700,1.418344,0.000024,0.290553,0.000101,0.340496,0.000101
77,0.189173,0.001123,0.223345,-0.009595,1.761684,0.000014,0.393463,0.000054,0.455495,0.000054
78,0.360159,0.000172,0.918173,-0.001410,1.254625,0.000021,1.151962,0.000022,1.196141,0.000022
79,0.253652,0.003042,0.488216,-0.004473,2.957400,0.000018,1.443851,0.000035,1.547988,0.000035
80,0.338755,-0.005984,0.807996,0.009532,2.030128,0.000020,1.640337,0.000024,1.711822,0.000024
81,0.276433,-0.002028,0.244922,-0.000395,1.335277,0.000017,0.327039,0.000061,0.374057,0.000061
82,0.395170,-0.002561,0.029112,-0.029058,1.494676,0.000014,0.043513,0.000217,0.096144,0.000217
83,0.258484,0.002079,0.716186,0.005443,1.664238,0.000016,1.191905,0.000022,1.250506,0.000022
84,0.361855,0.004395,0.566809,0.005568,1.374771,0.000021,0.779232,0.000036,0.827640,0.000036
85,0.338842,-0.000975,0.303558,-0.003988,1.547419,0.000012,0.469731,0.000036,0.524220,0.000036
86,0.248240,0.000621,0.946628,0.011146,1.509176,0.000027,1.428628,0.000028,1.481770,0.000028
87,0.245412,-0.008732,0.856205,-0.010261,1.508848,0.000026,1.291883,0.000030,1.345013,0.000030
88,0.403928,0.003833,0.204118,0.001390,1.306115,0.000020,0.266601,0.000082,0.312593,0.000082
89,0.349736,0.001749,0.995271,0.001278,1.258066,0.000011,1.252117,0.000011,1.296416,0.000011
90,0.239774,0.003511,0.156539,-0.014966,1.759387,0.000022,0.275413,0.000115,0.337365,0.000115
91,0.212026,0.002125,0.559297,0.007092,1.807900,0.000019,1.011154,0.000031,1.074814,0.000031
92,0.292545,-0.004295,0.617040,0.002722,1.365117,0.000031,0.842332,0.000048,0.890401,0.000048
93,0.262558,0.002139,0.247540,0.009649,1.408725,0.000016,0.348716,0.000056,0.398320,0.000056
94,0.260163,-0.000993,0.371140,0.001745,2.950025,0.000010,1.094873,0.000026,1.198750,0.000026
95,0.416125,0.006321,0.084774,-0.024363,1.887583,0.000017,0.160019,0.000144,0.226485,0.000144
96,0.282831,0.006508,0.394503,0.005040,1.912064,0.000014,0.754314,0.000034,0.821642,0.000034
97,0.272680,0.003456,0.623834,0.001098,1.902968,0.000019,1.187136,0.000029,1.254144,0.000029
98,0.316990,0.001675,0.997652,-0.000481,1.168501,0.000015,1.165756,0.000014,1.206902,0.000014
99,0.253595,-0.004049,0.934718,0.003082,1.638737,0.000011,1.531757,0.000012,1.589460,0.000012
100,0.215824,0.002302,0.466636,0.000450,1.270362,0.000024,0.592797,0.000048,0.637529,0.000048
101,0.157555,0.002671,0.434630,0.000614,1.574639,0.000016,0.684385,0.000035,0.739832,0.000035
102,0.343210,0.007762,0.907242,-0.006086,1.842846,0.000023,1.671906,0.000024,1.736797,0.000024
103,0.332623,0.007969,0.212363,-0.094230,2.227788,0.000033,0.473100,0.000135,0.551546,0.000135
104,0.272641,-0.003226,0.068796,0.003255,2.020478,0.000006,0.139000,0.000061,0.210145,0.000061
105,0.142642,-0.003810,0.271756,0.035391,1.506457,0.000023,0.409389,0.000074,0.462435,0.000074
106,0.197868,0.003173,0.994790,-0.000960,1.880859,0.000021,1.871060,0.000020,1.937289,0.000020
107,0.295793,-0.004473,0.773133,-0.005194,1.667640,0.000018,1.289307,0.000022,1.348028,0.000022
108,0.242567,0.000346,0.863751,-0.005250,1.861027,0.000016,1.607464,0.000018,1.672995,0.000018
109,0.345828,0.000569,0.999740,0.006006,1.791405,0.000020,1.790938,0.000019,1.854017,0.000019
110,0.307641,-0.001658,0.333569,0.002549,1.530762,0.000017,0.510614,0.000046,0.564516,0.000046
111,0.338645,-0.005806,0.110853,-0.004780,1.658788,0.000017,0.183881,0.000116,0.242290,0.000116
112,0.426933,-0.003429,0.789779,-0.002371,1.449594,0.000013,1.144859,0.000016,1.195902,0.000016
113,0.280176,-0.006015,0.456859,-0.011251,1.470976,0.000018,0.672028,0.000037,0.723824,0.000037
114,0.307797,0.007064,0.996294,0.001618,1.500672,0.000013,1.495111,0.000013,1.547952,0.000013
115,0.291924,0.003327,0.142340,0.004566,1.823601,0.000021,0.259572,0.000119,0.323785,0.000119
116,0.468099,0.003201,0.131019,-0.005029,1.995231,0.000011,0.261413,0.000065,0.331670,0.000065
117,0.172071,0.005303,0.216566,0.006092,1.403740,0.000023,0.304002,0.000092,0.353431,0.000092
118,0.280729,-0.009895,0.276678,-0.004259,1.656967,0.000010,0.458446,0.000032,0.516791,0.000032
119,0.310122,-0.006201,0.579578,0.009372,1.215141,0.000014,0.704269,0.000023,0.747057,0.000023
120,0.296822,-0.000765,0.926996,-0.005243,2.486140,0.000012,2.304642,0.000013,2.392184,0.000013
121,0.362518,0.001234,0.999458,0.000372,2.057599,0.000013,2.056483,0.000012,2.128935,0.000012
122,0.472353,0.001176,0.197176,-0.004873,1.987799,0.000012,0.391947,0.000050,0.461942,0.000050
123,0.268212,0.003214,0.955383,-0.007202,1.848170,0.000022,1.765710,0.000022,1.830789,0.000022
124,0.465356,-0.001103,0.382254,0.024105,2.023161,0.000025,0.773360,0.000059,0.844600,0.000059
125,0.361220,0.000344,0.194135,-0.018467,1.592292,0.000014,0.309120,0.000062,0.365188,0.000062
126,0.228058,0.007217,0.189159,0.005197,2.347528,0.000009,0.444056,0.000039,0.526718,0.000039
127,0.316441,-0.000688,0.914495,-0.002981,1.599499,0.000012,1.462734,0.000013,1.519056,0.000013
128,0.252520,0.001984,0.816120,0.000326,1.716034,0.000012,1.400490,0.000014,1.460916,0.000014
129,0.260036,-0.001557,0.964648,0.000907,3.326256,0.000016,3.208665,0.000016,3.325790,0.000016
130,0.241917,0.005727,0.901620,-0.006263,2.222049,0.000024,2.003444,0.000026,2.081687,0.000026
131,0.422335,-0.000861,0.214445,0.019192,1.569167,0.000026,0.336500,0.000105,0.391754,0.000105
132,0.572740,-0.003693,0.962733,0.002650,1.559977,0.000019,1.501841,0.000019,1.556772,0.000019
133,0.382702,-0.004800,0.332366,-0.007673,2.470697,0.000015,0.821176,0.000040,0.908175,0.000040
134,0.315006,0.003589,0.364245,0.006729,1.241568,0.000017,0.452234,0.000042,0.495953,0.000042
135,0.397633,-0.000918,0.536607,0.002560,1.344707,0.000014,0.721580,0.000025,0.768930,0.000025
136,0.372141,0.000558,0.806380,0.004851,1.320042,0.000017,1.064455,0.000021,1.110937,0.000021
137,0.336943,0.003111,0.368311,0.000150,1.479029,0.000016,0.544743,0.000040,0.596823,0.000040
138,0.241524,0.002720,0.586310,-0.000391,1.581114,0.000018,0.927023,0.000029,0.982697,0.000029
139,0.247474,-0.000491,0.110823,0.008979,1.287194,0.000013,0.142651,0.000089,0.187976,0.000089
140,0.364199,0.001658,0.391221,0.007993,2.170170,0.000027,0.849016,0.000063,0.925432,0.000063
141,0.182739,0.011743,0.970336,-0.007834,1.503474,0.000023,1.458876,0.000023,1.511816,0.000023
142,0.375658,0.006092,0.328173,-0.002771,2.023109,0.000016,0.663929,0.000043,0.735167,0.000043
143,0.400086,-0.005689,0.110605,-0.003443,1.520717,0.000007,0.168199,0.000050,0.221747,0.000050
144,0.354847,0.002375,0.415797,-0.001931,1.497971,0.000013,0.622853,0.000030,0.675599,0.000030
145,0.235790,0.006640,0.863385,0.019695,1.743232,0.000032,1.505080,0.000036,1.566463,0.000036
146,0.478193,-0.000759,0.969775,0.009550,1.317401,0.000024,1.277583,0.000024,1.323972,0.000024
147,0.401192,-0.005894,0.645665,0.005564,1.721385,0.000030,1.111438,0.000044,1.172052,0.000044
148,0.204291,-0.002853,0.987497,0.000232,1.273328,0.000016,1.257407,0.000015,1.302244,0.000015
149,0.209975,0.005772,0.092735,0.003361,1.828014,0.000011,0.169520,0.000082,0.233889,0.000082
150,0.292283,-0.007072,0.823521,0.015825,1.697850,0.000023,1.398215,0.000027,1.458000,0.000027
151,0.426466,0.003848,0.418949,0.002136,1.718739,0.000013,0.720065,0.000029,0.780585,0.000029
152,0.172758,0.008464,0.964070,0.001801,1.829895,0.000014,1.764146,0.000014,1.828581,0.000014
153,0.289143,0.000365,0.299109,0.017239,1.417145,0.000026,0.423881,0.000079,0.473782,0.000079
154,0.185136,-0.003025,0.931417,-0.011963,1.706774,0.000027,1.589718,0.000028,1.649817,0.000028
155,0.447266,-0.000226,0.793605,0.005198,1.603621,0.000016,1.272642,0.000019,1.329109,0.000019
156,0.271492,-0.005666,0.845042,0.007950,1.566293,0.000018,1.323584,0.000021,1.378737,0.000021
157,0.287834,-0.002102,0.474731,-0.009805,1.601984,0.000020,0.760512,0.000039,0.816921,0.000039
158,0.204354,-0.002167,0.336721,0.002820,2.166197,0.000012,0.729405,0.000033,0.805681,0.000033
159,0.304120,0.002350,0.220269,0.011133,1.429236,0.000020,0.314817,0.000078,0.365143,0.000078
160,0.278631,0.004406,0.186820,-0.016343,2.304086,0.000019,0.430450,0.000087,0.511582,0.000087
161,0.345700,-0.000724,0.901616,-0.003137,2.023595,0.000025,1.824504,0.000026,1.895760,0.000026
162,0.249111,-0.004099,0.329586,0.005339,1.658642,0.000018,0.546665,0.000048,0.605069,0.000048
163,0.420865,-0.001132,0.427970,-0.001978,1.562150,0.000013,0.668553,0.000028,0.723559,0.000028
164,0.298555,0.003533,0.207246,-0.005319,1.830761,0.000014,0.379419,0.000059,0.443884,0.000059
165,0.303430,0.010443,0.969811,0.002764,1.599473,0.000011,1.551187,0.000011,1.607508,0.000011
166,0.330713,-0.007457,0.544307,0.001546,1.953029,0.000009,1.063047,0.000015,1.131818,0.000015
167,0.357437,-0.005054,0.274991,-0.002427,1.832684,0.000016,0.503972,0.000050,0.568504,0.000050
168,0.344926,0.002441,0.955951,0.005439,1.615435,0.000013,1.544277,0.000013,1.601160,0.000013
169,0.218753,-0.005760,0.193493,0.005647,1.808738,0.000013,0.349978,0.000057,0.413667,0.000057
170,0.390191,-0.003813,0.155254,-0.007112,1.886121,0.000017,0.292827,0.000089,0.359241,0.000089
171,0.247184,-0.000152,0.571292,-0.005993,2.033181,0.000020,1.161540,0.000033,1.233132,0.000033
172,0.445436,-0.007018,0.115083,0.028052,1.299829,0.000014,0.149588,0.000096,0.195358,0.000096
173,0.332842,0.004529,0.968806,0.002735,1.327438,0.000013,1.286029,0.000013,1.332771,0.000013
174,0.323007,0.002708,0.035647,-0.001216,1.417861,0.000016,0.050543,0.000221,0.100469,0.000221
175,0.308559,-0.003913,0.702556,0.005556,1.523264,0.000014,1.070178,0.000019,1.123816,0.000019
176,0.332015,-0.002278,0.938994,-0.003359,1.809184,0.000015,1.698814,0.000015,1.762519,0.000015
177,0.462885,-0.008485,0.569774,-0.002482,1.621618,0.000023,0.923956,0.000038,0.981057,0.000038
178,0.195730,-0.000242,0.627685,-0.006401,1.861876,0.000015,1.168671,0.000022,1.234232,0.000022
179,0.201566,-0.004186,0.953716,0.009432,2.034661,0.000028,1.940488,0.000028,2.012133,0.000028
180,0.198268,-0.001276,0.665345,0.000608,2.111688,0.000018,1.405002,0.000026,1.479359,0.000026
181,0.387445,0.006140,0.169910,0.028775,1.997990,0.000019,0.339478,0.000093,0.409831,0.000093
182,0.248621,-0.004117,0.357305,-0.003791,1.673960,0.000020,0.598114,0.000051,0.657058,0.000051
183,0.304739,0.007693,0.578613,-0.010612,1.735981,0.000018,1.004461,0.000030,1.065589,0.000030
184,0.450665,0.004676,0.315958,0.004999,1.268197,0.000017,0.400697,0.000048,0.445353,0.000048
185,0.618024,0.001139,0.748823,0.005510,1.546373,0.000017,1.157960,0.000021,1.212412,0.000021
186,0.316435,-0.007499,0.348258,0.005075,1.953061,0.000009,0.680169,0.000024,0.748941,0.000024
187,0.262048,0.008708,0.654192,0.007768,1.445207,0.000020,0.945443,0.000029,0.996332,0.000029
188,0.357547,-0.006687,0.593956,0.008612,1.402767,0.000020,0.833182,0.000032,0.882577,0.000032
189,0.338080,0.000645,0.612484,0.006802,1.458328,0.000025,0.893202,0.000038,0.944553,0.000038
190,0.321057,-0.001735,0.386396,0.012371,2.441466,0.000016,0.943374,0.000037,1.029343,0.000037
191,0.331340,0.005646,0.868705,0.006909,1.353445,0.000019,1.175745,0.000021,1.223403,0.000021

===== block_8 =====
c,freq_fgconv_scalar,freq_fgconv_grad,gate_fgconv,gate_fgconv_grad,z_fgconv_energy,z_fgconv_grad_energy,pure_gated_fgconv_energy,pure_gated_fgconv_grad_energy,y_fgconv_energy,y_fgconv_grad_energy
0,0.286099,0.002175,0.620850,0.002365,1.793052,0.000007,1.113216,0.000011,1.159092,0.000011
1,0.547567,0.004768,0.900801,-0.000117,1.692269,0.000013,1.524398,0.000014,1.567696,0.000014
2,0.262153,-0.005150,0.318909,0.010103,1.605239,0.000015,0.511925,0.000044,0.552996,0.000044
3,0.296638,-0.003009,0.413763,0.000317,1.772514,0.000023,0.733400,0.000053,0.778751,0.000053
4,0.427306,-0.007622,0.124120,0.015316,1.301461,0.000022,0.161537,0.000148,0.194836,0.000148
5,0.244569,0.015634,0.577914,0.005699,1.751832,0.000015,1.012409,0.000025,1.057231,0.000025
6,0.420441,0.013250,0.423157,0.004709,1.889267,0.000014,0.799457,0.000032,0.847795,0.000032
7,0.309333,0.009545,0.341125,0.001354,1.598566,0.000009,0.545310,0.000023,0.586211,0.000023
8,0.219953,0.006951,0.090555,0.200846,1.429527,0.000045,0.129451,0.000391,0.166026,0.000391
9,0.425099,0.002377,0.982357,-0.001468,1.432764,0.000024,1.407486,0.000023,1.444144,0.000023
10,0.481269,-0.003219,0.336257,0.000436,2.246495,0.000010,0.755400,0.000028,0.812878,0.000028
11,0.236077,-0.003263,0.665444,0.000683,1.597057,0.000010,1.062752,0.000014,1.103613,0.000014
12,0.358618,-0.012290,0.494529,-0.003695,1.840177,0.000015,0.910021,0.000028,0.957103,0.000028
13,0.347875,0.003679,0.258943,0.023923,1.871966,0.000035,0.484732,0.000122,0.532627,0.000122
14,0.273426,-0.013685,0.321748,0.010460,1.330470,0.000020,0.428076,0.000059,0.462117,0.000059
15,0.308355,0.006696,0.238778,0.006992,2.773099,0.000012,0.662156,0.000045,0.733107,0.000045
16,0.367930,-0.013232,0.120166,-0.009422,1.336931,0.000008,0.160654,0.000052,0.194860,0.000052
17,0.229718,0.006432,0.169744,-0.028367,1.558666,0.000013,0.264575,0.000065,0.304454,0.000065
18,0.324875,-0.002784,0.251853,0.016192,1.765316,0.000013,0.444601,0.000046,0.489768,0.000046
19,0.268146,-0.008628,0.306206,-0.013217,1.918598,0.000028,0.587487,0.000085,0.636575,0.000085
20,0.561389,0.005239,0.230873,-0.066238,1.669733,0.000026,0.385496,0.000101,0.428217,0.000101
21,0.135618,0.002321,0.210321,-0.000420,2.048372,0.000014,0.430816,0.000059,0.483225,0.000059
22,0.406321,0.000370,0.163585,-0.007851,2.255182,0.000019,0.368914,0.000102,0.426615,0.000102
23,0.548492,-0.010725,0.237857,0.001088,1.500471,0.000019,0.356897,0.000073,0.395288,0.000073
24,0.377402,-0.007135,0.319825,-0.016975,1.895163,0.000019,0.606121,0.000055,0.654610,0.000055
25,0.300327,-0.001871,0.737640,0.003071,1.884736,0.000009,1.390256,0.000012,1.438478,0.000012
26,0.264039,-0.002170,0.172618,0.061450,1.623389,0.000036,0.280227,0.000181,0.321762,0.000181
27,0.245891,-0.005814,0.249536,-0.050884,1.992487,0.000024,0.497198,0.000087,0.548177,0.000087
28,0.477294,-0.014908,0.113749,0.010132,1.207949,0.000009,0.137404,0.000065,0.168310,0.000065
29,0.311966,-0.018362,0.112574,0.006107,1.872553,0.000021,0.210802,0.000155,0.258712,0.000155
30,0.246071,0.001061,0.709653,0.002585,1.810952,0.000018,1.285148,0.000025,1.331483,0.000025
31,0.448027,0.011145,0.145883,0.016509,1.528864,0.000016,0.223036,0.000093,0.262153,0.000093
32,0.477919,0.006882,0.221544,-0.007413,1.862720,0.000013,0.412675,0.000053,0.460334,0.000053
33,0.235581,0.013897,0.387972,0.017108,1.722905,0.000014,0.668439,0.000034,0.712520,0.000034
34,0.297015,0.007652,0.105862,0.050795,1.528399,0.000024,0.161799,0.000180,0.200904,0.000180
35,0.291427,0.002346,0.177499,-0.001585,1.995201,0.000004,0.354145,0.000020,0.405194,0.000020
36,0.282426,-0.001495,0.175788,0.017729,1.260190,0.000015,0.221527,0.000074,0.253769,0.000074
37,0.233673,-0.004260,0.767715,0.004986,1.897422,0.000017,1.456680,0.000021,1.505227,0.000021
38,0.541564,-0.016622,0.182806,0.016676,1.406474,0.000015,0.257112,0.000072,0.293098,0.000072
39,0.289360,-0.003518,0.503248,-0.016981,2.239242,0.000017,1.126895,0.000031,1.184187,0.000031
40,0.215397,-0.010296,0.180927,0.001564,1.228585,0.000010,0.222285,0.000049,0.253719,0.000049
41,0.277001,0.008487,0.140385,-0.023461,1.638027,0.000016,0.229954,0.000095,0.271864,0.000095
42,0.246856,-0.000574,0.806805,0.002814,1.641798,0.000014,1.324611,0.000016,1.366617,0.000016
43,0.176629,0.022790,0.354708,0.004519,1.461229,0.000020,0.518310,0.000051,0.555696,0.000051
44,0.389115,-0.012646,0.367518,0.008763,1.870257,0.000021,0.687352,0.000053,0.735204,0.000053
45,0.340610,0.009822,0.249355,0.030498,1.948200,0.000023,0.485793,0.000085,0.535638,0.000085
46,0.221153,-0.011448,0.298683,0.002769,1.745270,0.000017,0.521283,0.000052,0.565937,0.000052
47,0.414721,0.004637,0.453399,-0.026475,1.734091,0.000035,0.786234,0.000073,0.830602,0.000073
48,0.320980,0.006413,0.261592,0.003362,1.540268,0.000015,0.402921,0.000054,0.442330,0.000054
49,0.240689,0.002616,0.208882,-0.002837,1.570504,0.000015,0.328050,0.000063,0.368232,0.000063
50,0.307273,0.007402,0.324062,-0.007766,1.499349,0.000006,0.485883,0.000017,0.524245,0.000017
51,0.246634,0.005751,0.285029,0.005088,1.896025,0.000014,0.540422,0.000044,0.588933,0.000044
52,0.261687,-0.000645,0.157381,-0.009370,1.700075,0.000007,0.267560,0.000037,0.311057,0.000037
53,0.298035,0.003138,0.097730,0.008840,1.555263,0.000016,0.151996,0.000130,0.191788,0.000130
54,0.400847,0.009271,0.185381,-0.016979,2.424654,0.000019,0.449486,0.000091,0.511522,0.000091
55,0.288599,-0.008870,0.257938,-0.003363,1.446372,0.000010,0.373074,0.000034,0.410081,0.000034
56,0.356447,0.000388,0.276067,0.014446,2.213860,0.000013,0.611174,0.000042,0.667817,0.000042
57,0.328379,-0.007238,0.423007,0.019843,1.630863,0.000025,0.689866,0.000055,0.731593,0.000055
58,0.262783,0.009614,0.173234,-0.003245,2.025308,0.000014,0.350852,0.000069,0.402671,0.000069
59,0.327525,0.001688,0.854831,-0.022854,1.714194,0.000023,1.465346,0.000026,1.509205,0.000026
60,0.514725,-0.000464,0.400828,-0.005224,1.618175,0.000018,0.648610,0.000043,0.690012,0.000043
61,0.187135,-0.000706,0.317013,-0.008380,1.944567,0.000016,0.616453,0.000046,0.666206,0.000046
62,0.139122,-0.008518,0.731145,-0.000276,2.390207,0.000023,1.747589,0.000030,1.808744,0.000030
63,0.379575,-0.006859,0.195614,-0.007143,1.566542,0.000009,0.306438,0.000043,0.346519,0.000043
64,0.275042,-0.007277,0.430947,0.017251,1.609585,0.000018,0.693646,0.000039,0.734828,0.000039
65,0.274507,0.006116,0.102678,0.010726,1.449010,0.000005,0.148781,0.000042,0.185855,0.000042
66,0.174054,-0.002692,0.560160,0.019818,2.123961,0.000030,1.189757,0.000052,1.244100,0.000052
67,0.434393,0.007632,0.114815,0.021218,1.482481,0.000012,0.170211,0.000085,0.208141,0.000085
68,0.300213,0.013012,0.249542,-0.001119,1.640960,0.000016,0.409488,0.000057,0.451473,0.000057
69,0.380581,-0.007454,0.308828,0.003788,1.961267,0.000006,0.605693,0.000017,0.655874,0.000017
70,0.243971,0.005169,0.547288,0.020052,1.622965,0.000025,0.888229,0.000043,0.929753,0.000043
71,0.133247,0.000977,0.137736,-0.001346,1.686993,0.000015,0.232360,0.000090,0.275523,0.000090
72,0.360124,-0.006862,0.415429,0.018789,1.802635,0.000024,0.748867,0.000054,0.794989,0.000054
73,0.388772,-0.001624,0.355473,0.012965,1.496630,0.000015,0.532011,0.000039,0.570303,0.000039
74,0.414691,0.003704,0.520790,0.004439,1.776178,0.000011,0.925015,0.000020,0.970459,0.000020
75,0.236545,0.003317,0.544512,0.019902,1.626702,0.000027,0.885759,0.000047,0.927380,0.000047
76,0.277881,0.001310,0.452526,0.013270,1.582881,0.000018,0.716296,0.000037,0.756795,0.000037
77,0.189173,0.015400,0.099028,0.008456,1.433510,0.000010,0.141958,0.000076,0.178635,0.000076
78,0.360159,0.000453,0.854461,0.002607,2.053984,0.000013,1.755049,0.000015,1.807601,0.000015
79,0.253652,0.001081,0.169450,0.001634,1.385147,0.000007,0.234714,0.000037,0.270154,0.000037
80,0.338755,0.010601,0.167921,-0.010355,1.656804,0.000008,0.278212,0.000043,0.320602,0.000043
81,0.276433,0.011790,0.114964,-0.008906,1.471629,0.000008,0.169184,0.000056,0.206837,0.000056
82,0.395170,-0.000075,0.175858,-0.027542,2.019965,0.000009,0.355228,0.000047,0.406910,0.000047
83,0.258484,-0.001801,0.319667,0.007086,2.080115,0.000025,0.664944,0.000074,0.718165,0.000074
84,0.361855,0.018658,0.175020,-0.028418,1.411858,0.000018,0.247103,0.000088,0.283226,0.000088
85,0.338842,0.009653,0.150252,0.010005,1.233064,0.000008,0.185270,0.000048,0.216819,0.000048
86,0.248240,0.000988,0.227403,0.026103,1.775209,0.000030,0.403689,0.000117,0.449108,0.000117
87,0.245412,-0.008819,0.510692,-0.004269,1.270785,0.000014,0.648980,0.000026,0.681494,0.000026
88,0.403928,0.006455,0.331392,0.013129,1.466188,0.000018,0.485882,0.000050,0.523396,0.000050
89,0.349736,-0.016793,0.548164,0.004581,1.415006,0.000013,0.775655,0.000022,0.811859,0.000022
90,0.239774,-0.000665,0.213507,0.010956,1.795638,0.000024,0.383381,0.000099,0.429324,0.000099
91,0.212026,-0.013481,0.212156,-0.011943,1.506044,0.000015,0.319516,0.000063,0.358049,0.000063
92,0.292545,0.000823,0.464993,0.006270,1.528228,0.000016,0.710616,0.000033,0.749716,0.000033
93,0.262558,0.008038,0.374547,-0.012718,1.760393,0.000011,0.659350,0.000028,0.704391,0.000028
94,0.260163,-0.006358,0.546179,-0.023948,2.113286,0.000034,1.154233,0.000060,1.208303,0.000060
95,0.416125,0.000669,0.444470,-0.002752,1.618085,0.000022,0.719190,0.000047,0.760589,0.000047
96,0.282831,0.003426,0.305127,-0.007922,1.374876,0.000021,0.419512,0.000064,0.454689,0.000064
97,0.272680,-0.001080,0.385980,0.010149,2.582170,0.000018,0.996667,0.000043,1.062733,0.000043
98,0.316990,0.000320,0.173953,-0.008347,1.813198,0.000024,0.315412,0.000119,0.361804,0.000119
99,0.253595,-0.012602,0.283220,-0.002766,1.836462,0.000015,0.520123,0.000048,0.567110,0.000048
100,0.215824,0.015017,0.373157,0.000851,1.637501,0.000011,0.611044,0.000027,0.652941,0.000027
101,0.157555,0.003478,0.339010,0.010469,1.658996,0.000023,0.562417,0.000062,0.604864,0.000062
102,0.343210,-0.003992,0.298119,-0.002560,2.087665,0.000014,0.622374,0.000042,0.675788,0.000042
103,0.332623,0.003097,0.268040,-0.019117,1.395016,0.000014,0.373920,0.000049,0.409612,0.000049
104,0.272641,-0.004127,0.239705,0.012621,2.057120,0.000015,0.493103,0.000058,0.545736,0.000058
105,0.142642,-0.007755,0.143998,-0.007132,2.498298,0.000005,0.359751,0.000029,0.423671,0.000029
106,0.197868,0.002123,0.133251,0.006541,1.369182,0.000007,0.182445,0.000043,0.217477,0.000043
107,0.295793,0.010953,0.367346,0.018619,2.115665,0.000028,0.777181,0.000072,0.831312,0.000072
108,0.242567,-0.006192,0.871169,0.003552,1.818288,0.000019,1.584037,0.000021,1.630559,0.000021
109,0.345828,0.009258,0.228765,0.019571,1.792586,0.000018,0.410081,0.000071,0.455945,0.000071
110,0.307641,-0.004327,0.298916,-0.011589,2.088897,0.000015,0.624404,0.000047,0.677850,0.000047
111,0.338645,0.010188,0.399107,0.000226,1.662350,0.000015,0.663455,0.000034,0.705987,0.000034
112,0.426933,0.004432,0.252970,-0.000693,1.289866,0.000005,0.326298,0.000020,0.359300,0.000020
113,0.280176,0.002513,0.353375,0.007796,1.566130,0.000024,0.553431,0.000063,0.593502,0.000063
114,0.307797,-0.015609,0.351723,-0.000102,1.633526,0.000013,0.574549,0.000034,0.616343,0.000034
115,0.291924,0.016369,0.206070,0.003293,2.071099,0.000010,0.426792,0.000041,0.479782,0.000041
116,0.468099,-0.004355,0.434736,0.014135,2.105087,0.000030,0.915157,0.000064,0.969017,0.000064
117,0.172071,-0.008868,0.466301,-0.001027,1.900880,0.000013,0.886382,0.000026,0.935017,0.000026
118,0.280729,0.000734,0.309996,-0.003929,1.575788,0.000020,0.488488,0.000058,0.528805,0.000058
119,0.310122,0.007180,0.220392,-0.002238,1.976079,0.000012,0.435512,0.000047,0.486072,0.000047
120,0.296822,-0.002249,0.157721,-0.012626,1.766021,0.000010,0.278539,0.000056,0.323724,0.000056
121,0.362518,0.007882,0.143321,0.000944,1.520740,0.000006,0.217953,0.000036,0.256862,0.000036
122,0.472353,-0.001136,0.834743,-0.003333,1.976568,0.000020,1.649925,0.000023,1.700497,0.000023
123,0.268212,0.001922,0.142893,-0.064308,1.655673,0.000022,0.236584,0.000128,0.278946,0.000128
124,0.465356,0.002785,0.399741,0.037323,2.073418,0.000029,0.828831,0.000069,0.881881,0.000069
125,0.361220,-0.002329,0.240701,-0.016713,1.623850,0.000011,0.390861,0.000040,0.432409,0.000040
126,0.228058,-0.002979,0.273990,-0.012790,1.478866,0.000009,0.405195,0.000030,0.443032,0.000030
127,0.316441,-0.005311,0.190137,0.004129,2.057017,0.000006,0.391116,0.000029,0.443746,0.000029
128,0.252520,-0.004316,0.177064,-0.002955,1.234227,0.000009,0.218537,0.000046,0.250115,0.000046
129,0.260036,0.003066,0.419683,-0.000235,1.752800,0.000010,0.735620,0.000023,0.780466,0.000023
130,0.241917,0.007455,0.626927,-0.002967,1.944085,0.000015,1.218801,0.000023,1.268541,0.000023
131,0.422335,0.007708,0.466797,-0.000251,1.982928,0.000015,0.925624,0.000031,0.976359,0.000031
132,0.572740,-0.015091,0.271016,0.080397,1.565225,0.000045,0.424201,0.000151,0.464249,0.000151
133,0.382702,-0.006098,0.593138,-0.003799,1.820054,0.000016,1.079542,0.000026,1.126110,0.000026
134,0.315006,0.013801,0.399175,0.001842,2.478861,0.000015,0.989500,0.000036,1.052923,0.000036
135,0.397633,-0.000055,0.229170,-0.020029,1.452462,0.000017,0.332861,0.000065,0.370023,0.000065
136,0.372141,0.001776,0.960364,0.007283,1.860865,0.000025,1.787107,0.000025,1.834718,0.000025
137,0.336943,0.002293,0.126185,0.089370,1.870236,0.000018,0.235996,0.000120,0.283847,0.000120
138,0.241524,-0.000817,0.194056,-0.018196,1.523104,0.000018,0.295567,0.000082,0.334537,0.000082
139,0.247474,0.000466,0.424464,-0.000008,1.420728,0.000012,0.603047,0.000027,0.639398,0.000027
140,0.364199,0.014416,0.106023,-0.032602,2.417656,0.000020,0.256326,0.000149,0.318184,0.000149
141,0.182739,-0.002157,0.316602,-0.007849,1.629431,0.000019,0.515882,0.000055,0.557572,0.000055
142,0.375658,0.000407,0.144787,-0.031456,1.892498,0.000016,0.274008,0.000093,0.322429,0.000093
143,0.400086,-0.002728,0.320228,-0.000304,1.626739,0.000021,0.520927,0.000060,0.562548,0.000060
144,0.354847,0.010044,0.587775,0.016971,2.131873,0.000031,1.253061,0.000051,1.307606,0.000051
145,0.235790,-0.000410,0.183560,0.028510,1.734874,0.000016,0.318453,0.000077,0.362841,0.000077
146,0.478193,-0.008114,0.053852,-0.045887,1.846049,0.000014,0.099413,0.000174,0.146645,0.000174
147,0.401192,-0.000828,0.147646,0.049073,2.132444,0.000018,0.314846,0.000105,0.369406,0.000105
148,0.204291,0.005350,0.473893,0.000188,1.508971,0.000013,0.715091,0.000025,0.753698,0.000025
149,0.209975,-0.008061,0.575906,0.002319,2.922094,0.000010,1.682853,0.000016,1.757616,0.000016
150,0.292283,-0.015111,0.268562,0.002512,1.472015,0.000005,0.395327,0.000016,0.432989,0.000016
151,0.426466,-0.001412,0.584634,0.004795,1.345788,0.000014,0.786793,0.000023,0.821226,0.000023
152,0.172758,-0.004448,0.148551,-0.046253,1.836731,0.000025,0.272849,0.000144,0.319843,0.000144
153,0.289143,-0.007541,0.123040,-0.023880,1.733979,0.000008,0.213350,0.000056,0.257715,0.000056
154,0.185136,-0.028775,0.341715,-0.012176,1.336363,0.000017,0.456656,0.000045,0.490847,0.000045
155,0.447266,0.005527,0.833684,0.000631,1.900797,0.000008,1.584664,0.000009,1.633297,0.000009
156,0.271492,0.003944,0.535979,-0.027771,1.759358,0.000028,0.942978,0.000049,0.987993,0.000049
157,0.287834,-0.002679,0.321518,-0.000669,1.382505,0.000006,0.444500,0.000018,0.479872,0.000018
158,0.204354,0.000548,0.306186,0.016028,2.040908,0.000016,0.624897,0.000048,0.677115,0.000048
159,0.304120,0.007977,0.240881,-0.086395,1.607838,0.000050,0.387298,0.000187,0.428435,0.000187
160,0.278631,0.001718,0.322220,0.005561,1.468963,0.000011,0.473329,0.000031,0.510914,0.000031
161,0.345700,0.001580,0.911289,-0.002615,1.743657,0.000009,1.588974,0.000010,1.633587,0.000010
162,0.249111,0.005431,0.310099,0.006761,2.802241,0.000014,0.868973,0.000042,0.940670,0.000042
163,0.420865,0.006036,0.271210,-0.024047,1.840918,0.000022,0.499276,0.000075,0.546377,0.000075
164,0.298555,-0.014901,0.265222,-0.011872,2.009471,0.000015,0.532955,0.000053,0.584369,0.000053
165,0.303430,-0.006769,0.092647,-0.014150,1.204200,0.000006,0.111566,0.000050,0.142376,0.000050
166,0.330713,0.004932,0.211879,0.010228,1.891275,0.000012,0.400722,0.000049,0.449111,0.000049
167,0.357437,0.000347,0.415415,0.018174,1.117238,0.000025,0.464117,0.000056,0.492702,0.000056
168,0.344926,0.006666,0.227165,-0.002987,1.865808,0.000024,0.423847,0.000094,0.471584,0.000094
169,0.218753,-0.008871,0.172090,-0.017074,1.831528,0.000014,0.315187,0.000072,0.362048,0.000072
170,0.390191,0.001162,0.139420,0.016058,1.664845,0.000014,0.232112,0.000088,0.274708,0.000088
171,0.247184,0.008247,0.682353,0.001271,1.395354,0.000015,0.952124,0.000020,0.987825,0.000020
172,0.445436,0.004733,0.071697,0.020692,1.241181,0.000018,0.088989,0.000190,0.120746,0.000190
173,0.332842,-0.002700,0.364742,0.005888,1.703843,0.000011,0.621462,0.000028,0.665056,0.000028
174,0.323007,-0.012858,0.175280,0.010384,1.794047,0.000008,0.314460,0.000039,0.360362,0.000039
175,0.308559,0.010733,0.461110,0.032690,1.683333,0.000036,0.776202,0.000073,0.819271,0.000073
176,0.332015,0.005952,0.094499,-0.017230,1.703172,0.000005,0.160948,0.000039,0.204525,0.000039
177,0.462885,0.010370,0.318780,-0.009019,1.723765,0.000011,0.549501,0.000031,0.593605,0.000031
178,0.195730,-0.005361,0.159019,-0.010165,1.543382,0.000008,0.245427,0.000045,0.284916,0.000045
179,0.201566,0.002039,0.215509,0.003696,1.578500,0.000015,0.340181,0.000064,0.380568,0.000064
180,0.198268,-0.018706,0.243763,0.005838,2.002665,0.000015,0.488176,0.000054,0.539415,0.000054
181,0.387445,-0.009083,0.218176,0.012425,1.658719,0.000009,0.361893,0.000037,0.404333,0.000037
182,0.248621,0.008623,0.293402,0.015091,1.133243,0.000023,0.332496,0.000071,0.361491,0.000071
183,0.304739,0.003708,0.206104,-0.006170,1.780637,0.000015,0.366995,0.000067,0.412554,0.000067
184,0.450665,-0.000422,0.273406,0.004602,1.510218,0.000042,0.412903,0.000140,0.451543,0.000140
185,0.618024,-0.007559,0.404315,0.024962,1.595953,0.000035,0.645269,0.000081,0.686102,0.000081
186,0.316435,-0.007922,0.477465,0.006222,1.886511,0.000009,0.900743,0.000019,0.949011,0.000019
187,0.262048,0.005832,0.382034,0.008613,2.703941,0.000026,1.032996,0.000065,1.102179,0.000065
188,0.357547,0.002102,0.480875,0.001388,1.338430,0.000018,0.643617,0.000035,0.677862,0.000035
189,0.338080,-0.007607,0.093067,-0.045280,1.518286,0.000011,0.141302,0.000092,0.180149,0.000092
190,0.321057,-0.003718,0.213487,0.041036,1.527864,0.000025,0.326180,0.000105,0.365271,0.000105
191,0.331340,-0.004459,0.371995,0.004653,2.188337,0.000015,0.814051,0.000037,0.870041,0.000037

===== block_9 =====
c,freq_fgconv_scalar,freq_fgconv_grad,gate_fgconv,gate_fgconv_grad,z_fgconv_energy,z_fgconv_grad_energy,pure_gated_fgconv_energy,pure_gated_fgconv_grad_energy,y_fgconv_energy,y_fgconv_grad_energy
0,0.286099,0.005955,0.278254,0.066359,1.680679,0.000033,0.467655,0.000108,0.519405,0.000108
1,0.547567,0.003214,0.247571,0.049177,1.484739,0.000025,0.367579,0.000091,0.413295,0.000091
2,0.262153,-0.006534,0.466919,0.034874,1.410697,0.000037,0.658680,0.000075,0.702117,0.000075
3,0.296638,0.025497,0.740024,-0.086866,2.677309,0.000061,1.981272,0.000079,2.063709,0.000079
4,0.427306,0.007563,0.303274,-0.046960,1.648791,0.000025,0.500036,0.000074,0.550804,0.000074
5,0.244569,0.000588,0.136188,-0.007581,1.858877,0.000002,0.253157,0.000012,0.310394,0.000012
6,0.420441,0.010032,0.688144,0.005499,1.350653,0.000006,0.929444,0.000009,0.971032,0.000009
7,0.309333,0.012083,0.286217,-0.013195,1.577760,0.000008,0.451582,0.000025,0.500162,0.000025
8,0.219953,-0.018404,0.459902,-0.000384,1.619545,0.000001,0.744832,0.000002,0.794700,0.000002
9,0.425099,-0.032858,0.420165,0.006799,1.480824,0.000006,0.622191,0.000014,0.667787,0.000014
10,0.481269,-0.014009,0.119670,0.297999,2.008949,0.000059,0.240411,0.000389,0.302268,0.000389
11,0.236077,0.022817,0.194763,0.003733,1.363150,0.000004,0.265492,0.000016,0.307465,0.000016
12,0.358618,0.016908,0.577811,-0.003847,1.187333,0.000004,0.686054,0.000006,0.722613,0.000006
13,0.347875,0.020903,0.417183,-0.018403,1.250308,0.000014,0.521607,0.000031,0.560105,0.000031
14,0.273426,-0.021187,0.234550,0.026555,1.513816,0.000014,0.355065,0.000054,0.401677,0.000054
15,0.308355,-0.015858,0.544798,-0.003115,1.224137,0.000006,0.666907,0.000010,0.704599,0.000010
16,0.367930,-0.029744,0.363779,-0.022946,1.962896,0.000017,0.714060,0.000043,0.774500,0.000043
17,0.229718,-0.013467,0.438143,0.008607,1.600887,0.000006,0.701417,0.000013,0.750710,0.000013
18,0.324875,0.005542,0.139143,-0.072497,2.008992,0.000011,0.279536,0.000062,0.341395,0.000062
19,0.268146,-0.000078,0.058877,-0.045323,1.189531,0.000009,0.070036,0.000099,0.106663,0.000099
20,0.561389,-0.005417,0.536088,-0.020985,2.087662,0.000013,1.119171,0.000024,1.183452,0.000024
21,0.135618,0.016954,0.408299,0.009138,1.496007,0.000011,0.610819,0.000024,0.656882,0.000024
22,0.406321,-0.011593,0.305239,-0.020800,1.214894,0.000013,0.370833,0.000038,0.408241,0.000038
23,0.548492,0.016734,0.226815,-0.012420,1.280316,0.000005,0.290395,0.000021,0.329817,0.000021
24,0.377402,-0.009944,0.685227,-0.012159,1.410744,0.000019,0.966680,0.000027,1.010118,0.000027
25,0.300327,0.002054,0.395271,-0.010310,1.117458,0.000008,0.441699,0.000019,0.476106,0.000019
26,0.264039,-0.031815,0.453760,0.021575,1.795652,0.000015,0.814796,0.000031,0.870086,0.000031
27,0.245891,0.008306,0.261884,0.015887,2.195148,0.000005,0.574874,0.000017,0.642465,0.000017
28,0.477294,-0.023783,0.420942,0.009560,1.793522,0.000005,0.754968,0.000012,0.810192,0.000012
29,0.311966,-0.001968,0.297634,0.023451,1.600119,0.000010,0.476250,0.000032,0.525519,0.000032
30,0.246071,-0.016381,0.314614,0.036566,1.597497,0.000020,0.502595,0.000059,0.551784,0.000059
31,0.448027,-0.009462,0.450563,-0.013189,1.412667,0.000010,0.636495,0.000021,0.679992,0.000021
32,0.477919,-0.003499,0.290621,-0.027614,1.348776,0.000015,0.391983,0.000046,0.433513,0.000046
33,0.235581,-0.023262,0.327230,-0.062397,1.728645,0.000030,0.565664,0.000084,0.618891,0.000084
34,0.297015,0.001095,0.272824,-0.023081,1.385507,0.000011,0.378000,0.000035,0.420661,0.000035
35,0.291427,0.028740,0.256703,-0.004699,1.345858,0.000004,0.345486,0.000014,0.386927,0.000014
36,0.282426,-0.001472,0.447898,0.002736,1.514448,0.000002,0.678318,0.000005,0.724950,0.000005
37,0.233673,-0.017493,0.416907,-0.036387,2.002201,0.000017,0.834733,0.000037,0.896383,0.000037
38,0.541564,-0.011519,0.565270,-0.006631,1.101897,0.000013,0.622869,0.000022,0.656798,0.000022
39,0.289360,0.016411,0.261206,0.161175,1.731282,0.000060,0.452221,0.000207,0.505529,0.000207
40,0.215397,-0.017386,0.267209,0.007203,1.254658,0.000006,0.335256,0.000020,0.373888,0.000020
41,0.277001,0.048884,0.390541,0.004280,1.496490,0.000004,0.584440,0.000008,0.630519,0.000008
42,0.246856,-0.025854,0.285602,0.061593,1.421311,0.000028,0.405929,0.000087,0.449693,0.000087
43,0.176629,-0.008542,0.413624,0.029807,1.465084,0.000019,0.605993,0.000042,0.651105,0.000042
44,0.389115,0.004676,0.276620,-0.034540,1.419140,0.000022,0.392563,0.000071,0.436260,0.000071
45,0.340610,-0.003749,0.769021,0.017836,1.813571,0.000020,1.394673,0.000025,1.450515,0.000025
46,0.221153,-0.023622,0.382561,-0.050687,2.080316,0.000026,0.795847,0.000062,0.859903,0.000062
47,0.414721,-0.020846,0.370652,-0.015860,1.926666,0.000007,0.714122,0.000018,0.773446,0.000018
48,0.320980,-0.006811,0.438772,-0.012892,1.819040,0.000011,0.798143,0.000023,0.854154,0.000023
49,0.240689,-0.021261,0.693814,0.004190,1.392488,0.000006,0.966127,0.000008,1.009003,0.000008
50,0.307273,-0.008614,0.118399,-0.029312,1.493210,0.000007,0.176794,0.000050,0.222772,0.000050
51,0.246634,0.020345,0.190273,-0.001427,1.356090,0.000001,0.258028,0.000005,0.299783,0.000005
52,0.261687,0.032412,0.270384,-0.009136,1.591606,0.000004,0.430344,0.000014,0.479352,0.000014
53,0.298035,-0.022288,0.222122,-0.022555,1.693329,0.000011,0.376125,0.000043,0.428265,0.000043
54,0.400847,0.008277,0.202461,0.015537,1.511025,0.000007,0.305923,0.000030,0.352449,0.000030
55,0.288599,-0.002270,0.457731,-0.012363,1.078079,0.000014,0.493470,0.000029,0.526666,0.000029
56,0.356447,-0.001281,0.986626,0.018676,1.838807,0.000029,1.814216,0.000029,1.870835,0.000029
57,0.328379,-0.010972,0.266712,0.129651,2.231772,0.000043,0.595240,0.000144,0.663958,0.000144
58,0.262783,0.002709,0.220480,0.001920,1.432799,0.000005,0.315904,0.000018,0.360022,0.000018
59,0.327525,-0.007821,0.239582,-0.017385,1.273298,0.000009,0.305059,0.000033,0.344265,0.000033
60,0.514725,0.006687,0.185457,-0.028615,1.361368,0.000011,0.252476,0.000053,0.294394,0.000053
61,0.187135,-0.006220,0.894781,0.000022,1.895915,0.000002,1.696428,0.000002,1.754806,0.000002
62,0.139122,-0.038246,0.284723,-0.069180,1.349921,0.000037,0.384354,0.000116,0.425919,0.000116
63,0.379575,-0.006955,0.268410,0.007266,1.163215,0.000005,0.312219,0.000016,0.348035,0.000016
64,0.275042,-0.040845,0.568456,-0.026744,1.933007,0.000021,1.098830,0.000035,1.158349,0.000035
65,0.274507,0.030532,0.462137,-0.003047,1.687754,0.000003,0.779973,0.000006,0.831940,0.000006
66,0.174054,0.009988,0.303720,-0.047512,1.538317,0.000031,0.467217,0.000092,0.514584,0.000092
67,0.434393,-0.009939,0.416212,-0.013797,1.210313,0.000012,0.503746,0.000027,0.541013,0.000027
68,0.300213,-0.002735,0.504602,-0.002403,1.185663,0.000003,0.598288,0.000006,0.634796,0.000006
69,0.380581,-0.003444,0.682351,-0.002478,1.575404,0.000003,1.074979,0.000004,1.123487,0.000004
70,0.243971,-0.011051,0.245613,0.014540,1.452287,0.000008,0.356701,0.000027,0.401418,0.000027
71,0.133247,-0.020794,0.374166,0.006341,1.158671,0.000007,0.433536,0.000016,0.469213,0.000016
72,0.360124,0.002371,0.398804,-0.002606,1.404042,0.000004,0.559938,0.000010,0.603170,0.000010
73,0.388772,-0.022632,0.178013,-0.044073,1.386543,0.000022,0.246823,0.000103,0.289516,0.000103
74,0.414691,0.026655,0.453331,-0.097275,2.059411,0.000051,0.933594,0.000106,0.997005,0.000106
75,0.236545,-0.012107,0.384659,-0.001476,1.339129,0.000007,0.515108,0.000016,0.556341,0.000016
76,0.277881,-0.014690,0.286815,0.006137,1.456244,0.000003,0.417672,0.000008,0.462511,0.000008
77,0.189173,-0.013255,0.142963,-0.038910,1.464652,0.000008,0.209392,0.000047,0.254490,0.000047
78,0.360159,-0.018269,0.186776,-0.041807,1.368403,0.000016,0.255585,0.000075,0.297720,0.000075
79,0.253652,0.013276,0.212365,-0.105237,1.732749,0.000038,0.367975,0.000157,0.421328,0.000157
80,0.338755,0.019426,0.497611,-0.004758,1.218513,0.000006,0.606346,0.000011,0.643865,0.000011
81,0.276433,0.013076,0.304545,-0.011062,1.567334,0.000005,0.477323,0.000016,0.525583,0.000016
82,0.395170,-0.011836,0.234415,-0.082715,1.701642,0.000024,0.398891,0.000091,0.451287,0.000091
83,0.258484,0.027533,0.193811,-0.049060,2.288452,0.000014,0.443527,0.000063,0.513991,0.000063
84,0.361855,0.030857,0.735442,-0.005105,1.498528,0.000006,1.102080,0.000008,1.148222,0.000008
85,0.338842,-0.007295,0.162235,0.010231,1.660393,0.000003,0.269374,0.000017,0.320499,0.000017
86,0.248240,-0.002106,0.165196,-0.001701,1.123899,0.000002,0.185663,0.000012,0.220269,0.000012
87,0.245412,0.011914,0.279223,-0.063178,1.422600,0.000026,0.397222,0.000085,0.441026,0.000085
88,0.403928,0.014155,0.164330,-0.028656,1.264214,0.000011,0.207748,0.000055,0.246674,0.000055
89,0.349736,-0.002037,0.499518,0.063065,1.650561,0.000053,0.824485,0.000099,0.875307,0.000099
90,0.239774,-0.026856,0.177736,-0.024630,1.063176,0.000012,0.188964,0.000056,0.221701,0.000056
91,0.212026,-0.004441,0.315289,0.066599,2.005226,0.000032,0.632225,0.000093,0.693968,0.000093
92,0.292545,-0.014721,0.264375,-0.036871,1.497039,0.000015,0.395780,0.000052,0.441875,0.000052
93,0.262558,-0.009885,0.226362,0.029957,2.078103,0.000009,0.470403,0.000034,0.534390,0.000034
94,0.260163,0.011409,0.127520,-0.001783,1.566388,0.000001,0.199746,0.000004,0.247977,0.000004
95,0.416125,-0.006766,0.523145,0.001340,1.607253,0.000005,0.840827,0.000009,0.890316,0.000009
96,0.282831,-0.018217,0.312935,0.048092,1.743630,0.000026,0.545642,0.000075,0.599330,0.000075
97,0.272680,-0.007427,0.343540,0.189415,1.854357,0.000074,0.637045,0.000199,0.694143,0.000199
98,0.316990,0.018519,0.463091,0.001775,1.645758,0.000014,0.762135,0.000029,0.812810,0.000029
99,0.253595,0.007206,0.272424,-0.015582,1.180978,0.000008,0.321726,0.000027,0.358090,0.000027
100,0.215824,-0.002304,0.236812,0.022588,1.327481,0.000009,0.314364,0.000035,0.355238,0.000035
101,0.157555,0.008660,0.384498,0.024481,1.907821,0.000013,0.733552,0.000032,0.792296,0.000032
102,0.343210,0.037453,0.556121,-0.020503,2.029059,0.000016,1.128402,0.000027,1.190879,0.000027
103,0.332623,-0.000846,0.268353,-0.012725,1.474364,0.000009,0.395649,0.000031,0.441047,0.000031
104,0.272641,-0.004511,0.265248,0.086417,1.689553,0.000031,0.448150,0.000105,0.500173,0.000105
105,0.142642,-0.002039,0.361380,-0.006010,1.414530,0.000006,0.511182,0.000015,0.554737,0.000015
106,0.197868,-0.002281,0.249525,0.016980,1.247049,0.000008,0.311170,0.000030,0.349568,0.000030
107,0.295793,-0.006973,0.846245,0.000703,2.414465,0.000001,2.043229,0.000001,2.117573,0.000001
108,0.242567,-0.024210,0.710661,0.011709,1.303372,0.000013,0.926256,0.000018,0.966388,0.000018
109,0.345828,0.000957,0.317089,0.044669,1.682017,0.000019,0.533350,0.000055,0.585141,0.000055
110,0.307641,0.029908,0.454603,-0.003433,1.565584,0.000005,0.711719,0.000009,0.759925,0.000009
111,0.338645,-0.011244,0.325873,0.051256,1.209343,0.000033,0.394092,0.000094,0.431329,0.000094
112,0.426933,0.010564,0.316548,0.031251,1.786763,0.000014,0.565596,0.000040,0.620612,0.000040
113,0.280176,-0.026197,0.505224,0.010996,1.293589,0.000010,0.653552,0.000018,0.693383,0.000018
114,0.307797,-0.021929,0.227437,-0.050414,1.193393,0.000022,0.271422,0.000084,0.308168,0.000084
115,0.291924,0.018590,0.107604,-0.071510,1.725617,0.000016,0.185683,0.000114,0.238816,0.000114
116,0.468099,-0.002719,0.418617,-0.020693,1.726865,0.000011,0.722895,0.000025,0.776067,0.000025
117,0.172071,0.000194,0.260430,-0.009781,1.208592,0.000004,0.314753,0.000014,0.351967,0.000014
118,0.280729,-0.011640,0.222865,-0.009091,2.033611,0.000008,0.453221,0.000032,0.515838,0.000032
119,0.310122,0.011194,0.727501,0.015405,1.714276,0.000021,1.247138,0.000028,1.299922,0.000028
120,0.296822,0.016044,0.237603,-0.015542,1.120728,0.000007,0.266288,0.000025,0.300797,0.000025
121,0.362518,0.012442,0.332917,0.000851,1.626377,0.000001,0.541448,0.000004,0.591526,0.000004
122,0.472353,0.039985,0.175165,-0.035135,1.860753,0.000010,0.325939,0.000051,0.383234,0.000051
123,0.268212,0.001588,0.631014,0.010822,1.542007,0.000011,0.973028,0.000017,1.020508,0.000017
124,0.465356,0.000746,0.173929,0.002279,1.392578,0.000001,0.242210,0.000004,0.285089,0.000004
125,0.361220,0.002189,0.173013,0.084601,1.414669,0.000026,0.244757,0.000127,0.288316,0.000127
126,0.228058,0.007755,0.263950,0.001723,1.536073,0.000006,0.405446,0.000019,0.452744,0.000019
127,0.316441,-0.006805,0.269389,0.059136,1.624480,0.000023,0.437617,0.000076,0.487637,0.000076
128,0.252520,0.007205,0.201090,-0.083185,1.866846,0.000023,0.375405,0.000098,0.432887,0.000098
129,0.260036,0.001145,0.573975,-0.014787,2.731438,0.000009,1.567777,0.000015,1.651881,0.000015
130,0.241917,0.016116,0.382583,-0.082933,1.950736,0.000041,0.746318,0.000100,0.806384,0.000100
131,0.422335,0.004521,0.548927,-0.006277,1.322052,0.000010,0.725711,0.000017,0.766418,0.000017
132,0.572740,-0.019478,0.397605,-0.023206,1.958308,0.000013,0.778634,0.000030,0.838932,0.000030
133,0.382702,0.019585,0.162517,0.189269,1.674697,0.000057,0.272167,0.000293,0.323733,0.000293
134,0.315006,0.022632,0.400424,-0.014773,1.519996,0.000012,0.608643,0.000029,0.655445,0.000029
135,0.397633,0.009726,0.304781,-0.030180,1.609933,0.000016,0.490678,0.000047,0.540249,0.000047
136,0.372141,0.010075,0.386201,-0.004146,1.125870,0.000004,0.434812,0.000009,0.469479,0.000009
137,0.336943,-0.003825,0.385837,0.024881,1.193222,0.000023,0.460389,0.000055,0.497129,0.000055
138,0.241524,0.009509,0.443856,0.064202,1.502739,0.000049,0.667000,0.000104,0.713271,0.000104
139,0.247474,0.000721,0.558080,-0.014244,2.015273,0.000011,1.124684,0.000019,1.186736,0.000019
140,0.364199,0.000974,0.396538,0.050272,2.000612,0.000027,0.793318,0.000063,0.854919,0.000063
141,0.182739,0.024204,0.184459,0.025493,1.609716,0.000012,0.296926,0.000057,0.346491,0.000057
142,0.375658,0.012128,0.196044,-0.012594,1.351252,0.000005,0.264905,0.000022,0.306511,0.000022
143,0.400086,-0.024314,0.247946,0.008922,1.456763,0.000008,0.361199,0.000027,0.406054,0.000027
144,0.354847,0.015121,0.434698,0.004525,1.961398,0.000003,0.852615,0.000007,0.913009,0.000007
145,0.235790,-0.005970,0.288089,-0.053236,1.526433,0.000021,0.439748,0.000065,0.486749,0.000065
146,0.478193,0.006572,0.141319,-0.002747,2.030624,0.000002,0.286965,0.000014,0.349490,0.000014
147,0.401192,0.003437,0.576915,-0.006516,2.139592,0.000006,1.234362,0.000009,1.300243,0.000009
148,0.204291,0.018014,0.094695,-0.095170,1.473205,0.000018,0.139505,0.000144,0.184867,0.000144
149,0.209975,-0.043869,0.419406,0.014777,2.099864,0.000010,0.880696,0.000021,0.945353,0.000021
150,0.292283,-0.015914,0.301096,0.030402,1.435179,0.000015,0.432127,0.000046,0.476318,0.000046
151,0.426466,0.013453,0.307518,-0.090396,2.079593,0.000048,0.639513,0.000140,0.703546,0.000140
152,0.172758,0.001980,0.416309,-0.018907,1.326711,0.000018,0.552322,0.000040,0.593173,0.000040
153,0.289143,-0.009949,0.193464,0.023925,1.343199,0.000009,0.259861,0.000042,0.301219,0.000042
154,0.185136,0.000240,0.123751,0.148865,1.496744,0.000040,0.185223,0.000257,0.231310,0.000257
155,0.447266,-0.016123,0.408771,-0.039796,1.391760,0.000027,0.568911,0.000062,0.611765,0.000062
156,0.271492,0.002238,0.336934,0.032436,1.394949,0.000024,0.470006,0.000065,0.512958,0.000065
157,0.287834,-0.010572,0.139562,0.046529,1.247352,0.000015,0.174083,0.000088,0.212490,0.000088
158,0.204354,0.012487,0.271802,0.046154,2.166095,0.000014,0.588748,0.000047,0.655445,0.000047
159,0.304120,-0.006208,0.265100,0.005602,1.195094,0.000004,0.316819,0.000014,0.353617,0.000014
160,0.278631,0.008025,0.156755,0.010808,1.741758,0.000005,0.273030,0.000028,0.326660,0.000028
161,0.345700,0.006795,0.254689,0.033366,1.244239,0.000016,0.316894,0.000057,0.355205,0.000057
162,0.249111,0.009991,0.516429,-0.034861,1.117796,0.000051,0.577263,0.000094,0.611681,0.000094
163,0.420865,-0.003011,0.435084,0.028009,1.373285,0.000022,0.597495,0.000048,0.639780,0.000048
164,0.298555,-0.026948,0.183952,-0.176061,2.243267,0.000043,0.412652,0.000201,0.481725,0.000201
165,0.303430,-0.014951,0.201901,-0.045184,1.077573,0.000021,0.217563,0.000092,0.250743,0.000092
166,0.330713,-0.018204,0.183804,0.088828,1.589501,0.000028,0.292157,0.000132,0.341100,0.000132
167,0.357437,0.005336,0.411798,-0.003926,1.657402,0.000004,0.682515,0.000010,0.733549,0.000010
168,0.344926,-0.008904,0.312638,-0.016234,1.569366,0.000008,0.490644,0.000024,0.538966,0.000024
169,0.218753,-0.031617,0.496499,-0.015744,1.279227,0.000016,0.635135,0.000031,0.674523,0.000031
170,0.390191,-0.008177,0.329122,0.037981,1.671707,0.000019,0.550196,0.000054,0.601670,0.000054
171,0.247184,0.032606,0.257269,0.021381,1.630402,0.000010,0.419452,0.000036,0.469654,0.000036
172,0.445436,0.024836,0.285053,0.017938,1.340970,0.000009,0.382247,0.000028,0.423537,0.000028
173,0.332842,0.016738,0.312174,-0.003517,1.454057,0.000003,0.453919,0.000009,0.498690,0.000009
174,0.323007,0.020661,0.301799,0.028857,1.561777,0.000014,0.471342,0.000042,0.519431,0.000042
175,0.308559,0.009122,0.423244,-0.028397,1.896187,0.000016,0.802549,0.000035,0.860934,0.000035
176,0.332015,-0.013391,0.861480,0.004676,1.278621,0.000008,1.101507,0.000010,1.140877,0.000010
177,0.462885,0.000753,0.382494,-0.015147,1.485004,0.000011,0.568006,0.000026,0.613731,0.000026
178,0.195730,0.010251,0.216563,0.004038,1.275203,0.000005,0.276162,0.000021,0.315427,0.000021
179,0.201566,-0.016649,0.161950,-0.087396,1.713320,0.000023,0.277472,0.000119,0.330227,0.000119
180,0.198268,0.012415,0.092573,-0.018696,1.307535,0.000004,0.121043,0.000033,0.161303,0.000033
181,0.387445,-0.033591,0.167286,-0.052428,1.472282,0.000015,0.246292,0.000078,0.291625,0.000078
182,0.248621,-0.007845,0.494830,0.069623,1.383636,0.000062,0.684664,0.000117,0.727268,0.000117
183,0.304739,-0.002785,0.127794,0.060493,1.207618,0.000020,0.154326,0.000126,0.191510,0.000126
184,0.450665,0.011298,0.113426,-0.006329,1.512677,0.000002,0.171577,0.000013,0.218154,0.000013
185,0.618024,-0.006476,0.245343,0.066501,1.575890,0.000026,0.386633,0.000095,0.435156,0.000095
186,0.316435,0.010658,0.523191,0.009127,1.885870,0.000008,0.986670,0.000014,1.044738,0.000014
187,0.262048,0.038677,0.164731,0.036765,1.091244,0.000016,0.179762,0.000081,0.213363,0.000081
188,0.357547,-0.023096,0.484402,0.004031,1.578880,0.000005,0.764813,0.000009,0.813429,0.000009
189,0.338080,-0.001254,0.124718,0.149130,2.148359,0.000032,0.267938,0.000203,0.334089,0.000203
190,0.321057,-0.016085,0.709856,0.000234,1.622066,0.000004,1.151433,0.000005,1.201378,0.000005
191,0.331340,-0.017482,0.413080,0.013585,1.950202,0.000008,0.805590,0.000018,0.865639,0.000018
